,ax,ay,az,gx,gy,gz,label,segment_ID,animal_ID,timestamp_ms
0,-4.10199,8.06501,-3.7354,9.87805,-30.0,15.6707,walking,1,fG1,1
1,-4.31763,8.42441,-3.82644,4.5122,-29.5122,12.2561,walking,1,fG1,11
2,-4.59078,8.66641,-3.80248,1.21951,-27.8659,9.08537,walking,1,fG1,21
3,-4.83038,8.85809,-3.46944,2.31707,-26.3415,7.31707,walking,1,fG1,31
4,-4.90945,8.90601,-3.34005,8.35366,-24.5122,7.2561,walking,1,fG1,41
5,-4.82319,8.83892,-3.11483,18.8415,-21.7073,9.14634,walking,1,fG1,51
6,-4.50691,8.99226,-2.74824,26.8902,-21.2195,13.4756,walking,1,fG1,61
7,-4.22179,9.10967,-2.42956,34.6341,-31.5854,21.5244,walking,1,fG1,71
8,-3.46704,9.42115,-2.03901,42.8049,-52.6829,33.5976,walking,1,fG1,81
9,-2.68115,9.91234,-1.54543,44.0854,-76.7683,49.7561,walking,1,fG1,91
10,-2.33372,10.4706,-1.27229,39.4512,-97.1951,67.378,walking,1,fG1,101
11,-2.61166,10.8588,-1.37771,33.0488,-113.293,82.378,walking,1,fG1,111
12,-3.09805,10.9858,-1.75868,26.2195,-120.793,90.7317,walking,1,fG1,121
13,-3.46944,10.9043,-2.09891,16.0366,-115.061,91.2805,walking,1,fG1,131
14,-3.89353,10.497,-2.43915,2.7439,-96.0976,84.6341,walking,1,fG1,141
15,-4.2745,9.84285,-2.7099,-9.32927,-70.4268,72.439,walking,1,fG1,151
16,-4.48775,9.06415,-2.91596,-18.8415,-44.0854,57.9878,walking,1,fG1,161
17,-4.60515,8.23991,-3.19629,-24.7561,-21.5854,44.0854,walking,1,fG1,171
18,-4.71776,7.57142,-3.54611,-27.3171,-7.13415,32.6829,walking,1,fG1,181
19,-4.91424,7.0443,-3.86478,-27.1341,-2.2561,23.4756,walking,1,fG1,191
20,-5.16103,6.65375,-4.24335,-21.2805,-6.64634,16.2195,walking,1,fG1,201
21,-5.25927,6.33747,-4.67943,-7.0122,-19.2073,11.0976,walking,1,fG1,211
22,-5.00529,6.12902,-5.07238,11.0976,-36.8902,9.02439,walking,1,fG1,221
23,-4.52369,5.97807,-5.25208,25.1829,-54.6341,10.122,walking,1,fG1,231
24,-4.16908,5.78639,-5.33115,35.061,-69.5122,12.1951,walking,1,fG1,241
25,-3.8504,5.72409,-5.3599,43.8415,-82.5,13.0488,walking,1,fG1,251
26,-3.53892,5.93255,-5.25927,48.3537,-92.8049,11.2805,walking,1,fG1,261
27,-3.35203,6.31591,-5.33115,50.1829,-97.6829,6.64634,walking,1,fG1,271
28,-3.12201,6.84783,-5.44136,50.4268,-95.061,-0.0609756,walking,1,fG1,281
29,-3.01899,7.43006,-5.38625,44.6341,-85.6707,-7.62195,walking,1,fG1,291
30,-3.20588,7.8254,-5.51324,35.5488,-72.7439,-16.4634,walking,1,fG1,301
31,-3.47423,8.14887,-5.48689,30.6098,-58.4756,-27.3171,walking,1,fG1,311
32,-3.84082,8.43878,-5.57554,31.5244,-46.9512,-39.0854,walking,1,fG1,321
33,-3.87437,8.70953,-5.7816,41.6463,-40.3659,-49.6951,walking,1,fG1,331
34,-3.50059,9.10967,-5.56116,56.9512,-37.3171,-55.2439,walking,1,fG1,341
35,-2.88481,9.74222,-4.91903,73.4146,-45.7317,-50.061,walking,1,fG1,351
36,-2.33133,10.7174,-4.60994,80.3659,-68.9024,-32.6829,walking,1,fG1,361
37,-1.80181,11.7908,-4.98612,68.1098,-79.0244,-13.7195,walking,1,fG1,371
38,-1.76826,12.4401,-4.67224,46.9512,-66.5244,-2.0122,walking,1,fG1,381
39,-1.95276,12.7708,-3.86478,26.4634,-47.439,2.13415,walking,1,fG1,391
40,-1.91202,12.9289,-3.39995,6.03659,-19.6341,0.243902,walking,1,fG1,401
41,-1.70597,12.4761,-2.83449,-12.7439,24.1463,-6.52439,walking,1,fG1,411
42,-1.99349,11.7309,-1.84973,-25.6707,71.5854,-15.061,walking,1,fG1,421
43,-2.99742,11.1151,-1.67003,-33.1707,101.585,-21.2805,walking,1,fG1,431
44,-4.09959,10.9953,-2.5278,-37.2561,109.756,-25.8537,walking,1,fG1,441
45,-4.8184,10.8995,-3.3113,-43.7805,109.024,-29.0854,walking,1,fG1,451
46,-5.10832,10.3484,-3.1891,-51.8293,103.72,-29.878,walking,1,fG1,461
47,-4.98612,9.20072,-2.51103,-54.939,96.4024,-27.5,walking,1,fG1,471
48,-4.46139,7.7679,-1.84494,-46.0366,90.1829,-22.3171,walking,1,fG1,481
49,-3.80248,6.55551,-1.46157,-30.122,89.0244,-16.3415,walking,1,fG1,491
50,-3.38318,5.73128,-1.53825,-11.6463,93.4146,-11.5854,walking,1,fG1,501
51,-3.4335,5.70732,-2.24747,2.37805,96.1585,-8.71951,walking,1,fG1,511
52,-3.88874,6.63937,-3.55569,1.03659,88.9024,-7.5,walking,1,fG1,521
53,-4.68662,7.91166,-5.00049,-24.3293,74.3293,-8.96341,walking,1,fG1,531
54,-5.80077,8.93236,-5.9014,-56.8902,59.7561,-15.061,walking,1,fG1,541
55,-6.71605,9.42594,-5.68096,-82.1341,43.7805,-23.8415,walking,1,fG1,551
56,-6.97242,9.35646,-4.67943,-92.9268,24.3902,-30.8537,walking,1,fG1,561
57,-6.42133,9.01143,-3.40714,-88.9024,7.31707,-33.5976,walking,1,fG1,571
58,-4.68662,8.74547,-2.30737,-76.1585,4.63415,-33.2317,walking,1,fG1,581
59,-1.81858,9.10488,-1.74191,-67.9268,28.9634,-31.7073,walking,1,fG1,591
60,0.71641,9.97943,-2.27143,-73.0488,74.3902,-29.3293,walking,1,fG1,601
61,1.89286,10.8923,-3.23942,-91.0366,122.012,-26.7683,walking,1,fG1,611
62,-0.285126,9.85244,-3.491,-104.329,148.354,-23.1707,walking,1,fG1,621
63,-3.19629,8.29263,-2.84887,-87.3171,115.793,-19.6951,walking,1,fG1,631
64,-3.91031,8.28783,-3.55569,-66.2195,72.9878,-16.5854,walking,1,fG1,641
65,-4.22179,8.55379,-4.26252,-63.4146,69.878,-10.8537,walking,1,fG1,651
66,-5.2401,8.00031,-4.18585,-69.5122,84.8171,-1.40244,walking,1,fG1,661
67,-6.57228,7.05628,-3.66831,-57.3171,79.1463,10.6098,walking,1,fG1,671
68,-6.73042,6.70407,-3.07649,-28.9634,45.7927,23.2927,walking,1,fG1,681
69,-5.5971,7.02274,-2.93992,-2.13415,14.3293,34.7561,walking,1,fG1,691
70,-4.34878,7.39412,-2.46311,12.3171,6.28049,43.9024,walking,1,fG1,701
71,-4.1523,7.14733,-1.9863,22.622,9.02439,50.4268,walking,1,fG1,711
72,-4.36076,6.97002,-1.73232,38.2927,4.57317,53.9024,walking,1,fG1,721
73,-4.47337,7.17608,-1.85931,53.5976,-3.41463,54.7561,walking,1,fG1,731
74,-4.43503,7.83978,-1.79702,64.6341,-2.92683,52.5,walking,1,fG1,741
75,-4.40628,8.4316,-1.48074,67.6829,7.7439,47.1951,walking,1,fG1,751
76,-4.60994,8.62807,-1.15728,68.7805,17.9268,39.7561,walking,1,fG1,761
77,-4.95976,8.68318,-1.42324,65.122,17.1951,31.4634,walking,1,fG1,771
78,-5.1754,8.63526,-2.20673,54.7561,9.32927,23.9634,walking,1,fG1,781
79,-5.16342,8.74547,-2.53978,38.6585,4.87805,17.6829,walking,1,fG1,791
80,-4.98851,8.66641,-2.08933,19.5732,6.34146,12.378,walking,1,fG1,801
81,-4.85434,8.35492,-1.36813,4.69512,8.23171,6.76829,walking,1,fG1,811
82,-4.61474,8.14407,-0.944032,-2.92683,6.52439,-0.365854,walking,1,fG1,821
83,-4.18106,7.98354,-1.07821,-10.7927,2.5,-8.53659,walking,1,fG1,831
84,-3.57007,7.81103,-1.63648,-22.9268,2.31707,-16.8293,walking,1,fG1,841
85,-3.0118,7.37974,-1.83535,-36.7073,7.80488,-24.0244,walking,1,fG1,851
86,-2.96627,6.77595,-1.79462,-48.4146,11.2805,-28.9024,walking,1,fG1,861
87,-3.22265,6.28237,-1.88567,-53.5976,5.60976,-31.0366,walking,1,fG1,871
88,-3.66591,6.27039,-1.96953,-52.1341,-2.56098,-32.0122,walking,1,fG1,881
89,-5.058,6.68011,-2.52301,-47.622,-14.6341,-32.1951,walking,1,fG1,891
90,-6.70646,7.86134,-3.54851,-39.1463,-36.3415,-32.0122,walking,1,fG1,901
91,-6.80709,9.94588,-2.89918,-19.2073,-55.4268,-40.061,walking,1,fG1,911
92,-4.47816,12.5575,-0.311483,1.89024,-43.6585,-65.4268,walking,1,fG1,921
93,-4.49014,14.182,-0.472016,-23.2927,4.87805,-93.0488,walking,1,fG1,931
94,-7.42048,11.8914,-4.05167,-61.7683,17.0732,-92.7439,walking,1,fG1,941
95,-8.88205,9.67513,-4.89507,-61.5244,-14.878,-73.1098,walking,1,fG1,951
96,-9.61283,8.73589,-4.29606,-50.8537,-70.2439,-52.439,walking,1,fG1,961
97,-9.86681,8.68078,-4.47577,-29.3902,-130.793,-36.8293,walking,1,fG1,971
98,-9.42834,8.65682,-4.06365,0.487805,-180.549,-21.5854,walking,1,fG1,981
99,-8.07459,7.95718,-3.46225,48.4146,-218.476,-5.2439,walking,1,fG1,991
100,-5.82712,7.45162,-2.89439,101.402,-234.146,8.65854,walking,1,fG1,1001
101,-3.76654,7.19525,-2.43436,132.134,-218.963,16.9512,walking,1,fG1,1011
102,-2.81532,7.29109,-2.85126,141.524,-192.439,17.9268,walking,1,fG1,1021
103,-2.68594,8.33815,-3.87197,135.976,-175.183,13.8415,walking,1,fG1,1031
104,-3.08128,9.81889,-5.4773,118.72,-175.366,8.53659,walking,1,fG1,1041
105,-3.09566,11.0792,-6.9844,100.305,-182.683,6.34146,walking,1,fG1,1051
106,-2.21392,11.4841,-7.27671,85.5488,-167.683,7.80488,walking,1,fG1,1061
107,-1.31302,10.588,-6.6226,61.8293,-127.195,13.5366,walking,1,fG1,1071
108,-1.36573,8.90601,-5.25447,34.8171,-84.5122,21.0976,walking,1,fG1,1081
109,-2.08454,7.31984,-3.62518,22.561,-62.561,26.6463,walking,1,fG1,1091
110,-2.69313,6.5651,-2.65479,31.4024,-61.4634,27.8049,walking,1,fG1,1101
111,-2.8872,6.93648,-2.79855,50.4268,-61.7683,24.3902,walking,1,fG1,1111
112,-3.03097,8.10574,-3.68508,60.9756,-49.3293,19.2683,walking,1,fG1,1121
113,-3.38318,9.07133,-4.59317,60.3049,-27.0732,14.7561,walking,1,fG1,1131
114,-3.733,9.46428,-4.76568,55.4268,-4.45122,11.7683,walking,1,fG1,1141
115,-3.9151,9.21509,-4.50212,51.1585,15.0,9.81707,walking,1,fG1,1151
116,-4.02531,8.54421,-4.06365,49.4512,29.2683,8.96341,walking,1,fG1,1161
117,-4.02531,7.91406,-3.61799,47.3171,38.4756,9.14634,walking,1,fG1,1171
118,-4.14512,7.51152,-3.32807,44.6341,43.0488,10.7317,walking,1,fG1,1181
119,-4.35836,7.40131,-3.26338,41.4024,41.9512,13.1707,walking,1,fG1,1191
120,-4.62672,7.48756,-3.30651,36.5854,37.8049,16.4634,walking,1,fG1,1201
121,-4.88069,7.67445,-3.32807,33.4146,34.4512,20.1829,walking,1,fG1,1211
122,-5.10592,7.82301,-3.16754,35.0,32.3171,24.6951,walking,1,fG1,1221
123,-5.03404,8.22075,-2.79855,41.9512,25.6707,32.378,walking,1,fG1,1231
124,-4.65786,8.84371,-2.29299,50.3049,10.9756,45.7317,walking,1,fG1,1241
125,-4.29606,9.64638,-1.69399,52.9268,-12.0122,64.2683,walking,1,fG1,1251
126,-4.35117,10.2238,-1.39448,46.4024,-39.6341,84.2073,walking,1,fG1,1261
127,-4.70339,10.3532,-1.4472,35.1829,-61.7683,99.3902,walking,1,fG1,1271
128,-5.058,9.86202,-1.29146,24.2683,-70.3049,105.732,walking,1,fG1,1281
129,-5.22093,8.88924,-1.09498,24.5122,-66.5244,102.134,walking,1,fG1,1291
130,-5.1155,8.16803,-1.18603,35.9756,-58.8415,92.1951,walking,1,fG1,1301
131,-4.90705,7.84218,-2.13006,39.2073,-48.4146,80.122,walking,1,fG1,1311
132,-4.77048,7.56903,-3.23223,32.9268,-34.3293,67.6829,walking,1,fG1,1321
133,-4.73214,7.12097,-3.55809,19.8171,-23.3537,56.1585,walking,1,fG1,1331
134,-4.59078,6.59385,-3.42391,6.46341,-20.7927,45.8537,walking,1,fG1,1341
135,-4.38711,6.21288,-3.15077,-2.92683,-22.1341,36.7073,walking,1,fG1,1351
136,-4.19304,6.03797,-2.92554,-7.68293,-21.4634,27.8659,walking,1,fG1,1361
137,-4.12355,6.05235,-2.91835,-10.3049,-17.7439,19.2683,walking,1,fG1,1371
138,-4.32002,6.26559,-3.13639,-13.4756,-13.7195,10.3049,walking,1,fG1,1381
139,-4.85673,6.65854,-3.72821,-17.561,-13.7195,0.670732,walking,1,fG1,1391
140,-5.43178,7.00596,-4.37034,-20.5488,-22.0732,-8.78049,walking,1,fG1,1401
141,-6.15058,7.51152,-5.15144,-20.2439,-36.5854,-17.5,walking,1,fG1,1411
142,-6.81189,7.85655,-5.80316,-10.3049,-54.5122,-25.6707,walking,1,fG1,1421
143,-6.9221,8.549,-6.3231,7.56098,-85.7317,-29.5732,walking,1,fG1,1431
144,-6.57708,9.9962,-5.88463,18.1707,-101.098,-32.561,walking,1,fG1,1441
145,-6.97482,10.7749,-6.6226,22.0122,-93.2317,-39.4512,walking,1,fG1,1451
146,-7.01555,11.5704,-6.83585,27.8659,-85.061,-47.9268,walking,1,fG1,1461
147,-6.33747,11.5943,-6.19132,19.4512,-66.0366,-57.3171,walking,1,fG1,1471
148,-5.38865,10.6575,-4.36795,14.5732,-37.0732,-66.0976,walking,1,fG1,1481
149,-4.54765,9.43553,-3.05972,17.3171,-5.42683,-72.2561,walking,1,fG1,1491
150,-3.96062,8.25908,-2.70271,30.061,26.3415,-77.9878,walking,1,fG1,1501
151,-3.69227,7.37016,-2.46551,42.622,49.878,-84.6951,walking,1,fG1,1511
152,-3.36641,6.91012,-2.85606,48.5976,59.1463,-92.378,walking,1,fG1,1521
153,-2.79855,6.85501,-3.22265,45.3049,60.6707,-98.8415,walking,1,fG1,1531
154,-2.30018,6.94606,-3.45746,36.6463,59.6341,-100.427,walking,1,fG1,1541
155,-2.03901,7.61216,-3.35203,27.5,59.0244,-95.6707,walking,1,fG1,1551
156,-2.38404,8.95153,-3.43829,13.1098,53.6585,-83.7195,walking,1,fG1,1561
157,-2.60447,11.302,-4.12834,-5.12195,49.2073,-67.0122,walking,1,fG1,1571
158,-2.64521,13.7076,-4.35357,-29.8171,72.8659,-49.5732,walking,1,fG1,1581
159,-3.4335,14.1293,-2.57093,-44.6951,105.976,-35.122,walking,1,fG1,1591
160,-3.55569,13.504,-1.48553,-49.2683,117.561,-23.7805,walking,1,fG1,1601
161,-2.92075,12.627,-1.18603,-45.122,120.305,-17.5,walking,1,fG1,1611
162,-2.66677,11.4266,-1.66523,-48.1707,116.341,-13.7195,walking,1,fG1,1621
163,-2.53739,10.2574,-2.55416,-55.5488,113.11,-12.0122,walking,1,fG1,1631
164,-2.43915,9.48345,-3.03576,-68.1098,115.427,-9.93902,walking,1,fG1,1641
165,-2.74824,8.89163,-2.9495,-84.5732,120.366,-4.7561,walking,1,fG1,1651
166,-3.97979,8.16085,-2.80814,-92.5,112.744,4.02439,walking,1,fG1,1661
167,-5.1802,7.61695,-2.86804,-89.1463,86.8902,16.3415,walking,1,fG1,1671
168,-5.83191,7.28151,-3.17712,-82.6829,55.6098,31.7683,walking,1,fG1,1681
169,-6.10985,7.02274,-3.3688,-76.4024,29.1463,49.4512,walking,1,fG1,1691
170,-6.30393,6.63458,-3.35203,-70.8537,7.0122,67.8659,walking,1,fG1,1701
171,-6.58666,6.16017,-3.10285,-62.8049,-15.2439,85.2439,walking,1,fG1,1711
172,-6.90773,6.00443,-3.09805,-48.5976,-42.439,99.939,walking,1,fG1,1721
173,-6.90533,6.31112,-2.9495,-29.3902,-66.9512,109.756,walking,1,fG1,1731
174,-6.5627,6.72563,-2.11089,-7.5,-81.5244,112.439,walking,1,fG1,1741
175,-5.75285,7.1641,-1.03508,18.6585,-81.9512,106.89,walking,1,fG1,1751
176,-4.94059,7.67925,-0.855379,37.439,-69.2073,94.878,walking,1,fG1,1761
177,-4.78246,8.0075,-2.2858,40.122,-51.4634,82.561,walking,1,fG1,1771
178,-4.97893,8.0099,-3.32088,25.3049,-34.4512,72.8659,walking,1,fG1,1781
179,-5.24728,7.56424,-3.3137,7.43902,-22.7439,64.1463,walking,1,fG1,1791
180,-5.26645,6.9844,-2.64521,-2.86585,-19.6951,55.6707,walking,1,fG1,1801
181,-5.03644,6.61062,-2.01266,-5.2439,-19.6341,48.1707,walking,1,fG1,1811
182,-4.8184,6.33029,-1.57179,-2.80488,-15.6098,41.0366,walking,1,fG1,1821
183,-4.51171,6.07152,-1.20999,3.41463,-8.29268,31.3415,walking,1,fG1,1831
184,-3.75217,5.85827,-1.00154,8.84146,3.23171,16.3415,walking,1,fG1,1841
185,-2.76261,5.84869,-1.13811,11.4024,20.0,-3.41463,walking,1,fG1,1851
186,-1.94317,6.38539,-1.39928,6.76829,43.2317,-25.5488,walking,1,fG1,1861
187,-2.85126,7.57861,-2.85606,-13.7195,61.7073,-45.3049,walking,1,fG1,1871
188,-4.31763,9.29896,-4.16189,-44.2683,57.561,-63.7805,walking,1,fG1,1881
189,-4.41826,10.6072,-3.26578,-84.878,72.1341,-83.3537,walking,1,fG1,1891
190,-7.59299,11.2373,-4.42305,-146.463,109.146,-93.2927,walking,1,fG1,1901
191,-12.4258,11.4075,-5.51804,-173.902,98.0488,-92.0122,walking,1,fG1,1911
192,-14.3641,11.3811,-3.75456,-137.073,28.3537,-85.1829,walking,1,fG1,1921
193,-13.6645,11.2589,-3.07649,-79.939,-52.8659,-78.3537,walking,1,fG1,1931
194,-11.9705,10.3772,-2.39602,-31.8902,-116.341,-71.2195,walking,1,fG1,1941
195,-9.66555,9.15759,-1.29385,24.6951,-160.488,-65.7927,walking,1,fG1,1951
196,-7.44923,8.50108,-1.7467,80.122,-176.951,-63.3537,walking,1,fG1,1961
197,-5.66419,7.90687,-3.18671,117.988,-169.024,-61.8293,walking,1,fG1,1971
198,-4.32002,7.27192,-3.22984,137.622,-151.28,-59.939,walking,1,fG1,1981
199,-3.9726,6.84064,-3.11003,137.134,-144.939,-58.3537,walking,1,fG1,1991
200,-4.14512,7.15691,-3.97021,137.012,-164.878,-57.3171,walking,1,fG1,2001
201,-4.20981,8.53463,-5.48449,142.622,-206.402,-51.0366,walking,1,fG1,2011
202,-3.32568,10.1376,-7.91406,151.707,-244.329,-35.061,walking,1,fG1,2021
203,-1.09019,11.0265,-9.03779,143.11,-257.378,-8.41463,walking,1,fG1,2031
204,1.15728,11.0648,-8.7287,98.6585,-233.476,22.622,walking,1,fG1,2041
205,1.5023,10.2957,-7.31984,60.3049,-187.866,46.7073,walking,1,fG1,2051
206,0.395343,9.0905,-6.0188,52.622,-149.634,56.2195,walking,1,fG1,2061
207,-0.455244,8.45076,-5.11071,70.3659,-127.439,51.8902,walking,1,fG1,2071
208,-0.361799,8.45076,-5.1802,81.8902,-102.683,39.8171,walking,1,fG1,2081
209,-0.126989,8.63286,-5.49408,72.5,-57.0122,25.6098,walking,1,fG1,2091
210,-0.414512,8.4292,-5.54918,52.6829,-0.304878,13.3537,walking,1,fG1,2101
211,-1.31781,7.86134,-5.25208,32.378,47.378,3.90244,walking,1,fG1,2111
212,-2.20194,7.30547,-5.10592,19.5732,69.8171,-1.76829,walking,1,fG1,2121
213,-2.68354,7.15452,-5.07238,8.04878,74.0244,-3.17073,walking,1,fG1,2131
214,-2.85126,7.22879,-5.1203,-7.7439,77.7439,-0.792683,walking,1,fG1,2141
215,-3.11003,7.21921,-4.85913,-22.9878,88.3537,5.36585,walking,1,fG1,2151
216,-3.60122,7.09222,-4.17866,-33.4146,99.2073,14.1463,walking,1,fG1,2161
217,-4.17147,7.0419,-3.56767,-34.5732,105.854,23.6585,walking,1,fG1,2171
218,-4.76089,7.17848,-3.3089,-27.0122,107.866,32.9878,walking,1,fG1,2181
219,-5.45095,7.48038,-3.60601,-16.1585,106.768,41.5244,walking,1,fG1,2191
220,-6.11225,7.75592,-4.04927,-2.13415,101.159,49.5122,walking,1,fG1,2201
221,-6.58426,7.83978,-4.10438,7.56098,89.0244,57.3171,walking,1,fG1,2211
222,-6.83345,7.59539,-3.89114,14.0854,72.561,63.9634,walking,1,fG1,2221
223,-6.89814,7.20723,-3.53892,22.3171,57.5,66.6463,walking,1,fG1,2231
224,-6.95086,6.88137,-3.23702,33.5366,44.7561,65.3049,walking,1,fG1,2241
225,-6.91492,6.6226,-3.21546,47.9268,31.2195,61.2805,walking,1,fG1,2251
226,-6.63698,6.3806,-3.05732,62.0122,16.8902,56.0366,walking,1,fG1,2261
227,-6.28955,6.22247,-3.03815,72.1341,4.39024,50.3049,walking,1,fG1,2271
228,-5.99724,6.0811,-3.13879,79.5122,-4.57317,44.0244,walking,1,fG1,2281
229,-5.6019,5.82473,-2.97586,84.8171,-11.5244,36.7683,walking,1,fG1,2291
230,-5.04602,5.50126,-2.75542,88.6585,-18.7195,29.1463,walking,1,fG1,2301
231,-4.50691,5.25687,-2.61166,89.878,-24.4512,20.7317,walking,1,fG1,2311
232,-4.10918,5.13228,-2.75542,88.5976,-27.3171,11.2805,walking,1,fG1,2321
233,-3.80967,5.12988,-2.90158,82.8049,-29.0244,1.46341,walking,1,fG1,2331
234,-3.7354,5.39105,-3.21546,70.7927,-32.1951,-8.53659,walking,1,fG1,2341
235,-4.10199,6.16496,-3.86239,50.8537,-39.939,-17.9878,walking,1,fG1,2351
236,-5.09394,7.84697,-5.28083,18.3537,-54.8171,-26.4634,walking,1,fG1,2361
237,-6.80709,10.2358,-6.89335,-25.0,-72.8049,-35.3659,walking,1,fG1,2371
238,-7.96677,11.8459,-6.40696,-64.5732,-86.0976,-48.9634,walking,1,fG1,2381
239,-7.88051,12.2389,-4.01333,-78.4146,-81.8902,-67.3171,walking,1,fG1,2391
240,-8.02427,13.341,-2.21392,-63.9634,-62.8659,-82.622,walking,1,fG1,2401
241,-8.07938,13.9904,-3.1891,-46.0976,-27.1341,-94.5122,walking,1,fG1,2411
242,-7.60018,12.4665,-3.65154,-26.2805,24.878,-105.732,walking,1,fG1,2421
243,-6.69209,10.0777,-3.21067,-14.4512,50.4268,-112.622,walking,1,fG1,2431
244,-6.04516,8.1297,-3.57007,-12.2561,50.061,-116.646,walking,1,fG1,2441
245,-5.52522,6.91971,-3.80248,-11.2805,41.1585,-120.854,walking,1,fG1,2451
246,-4.78725,5.86546,-3.69227,-11.8902,32.439,-124.451,walking,1,fG1,2461
247,-3.65872,4.73693,-3.00221,-11.8293,26.7073,-125.122,walking,1,fG1,2471
248,-2.43196,3.46225,-1.72274,-10.6098,28.1098,-121.159,walking,1,fG1,2481
249,-1.94796,2.92794,-1.29625,-2.9878,35.6707,-113.598,walking,1,fG1,2491
250,-2.30737,3.78811,-1.93119,6.46341,40.122,-105.183,walking,1,fG1,2501
251,-3.82165,6.36143,-4.22418,-9.93902,31.4024,-97.2561,walking,1,fG1,2511
252,-6.25601,9.76139,-7.33901,-56.5854,16.4024,-92.1951,walking,1,fG1,2521
253,-8.10334,12.155,-7.50913,-99.8171,8.96341,-92.0732,walking,1,fG1,2531
254,-9.19832,12.8355,-5.26166,-125.427,2.0122,-92.622,walking,1,fG1,2541
255,-9.23187,12.0544,-3.10764,-114.512,-7.86585,-92.5,walking,1,fG1,2551
256,-7.90926,10.0944,-1.44959,-72.5,-7.5,-92.7439,walking,1,fG1,2561
257,-6.34706,8.39566,-0.805063,-23.5976,1.52439,-89.939,walking,1,fG1,2571
258,-5.25927,7.46121,-1.28666,8.78049,8.84146,-81.9512,walking,1,fG1,2581
259,-4.65786,6.75678,-2.27382,20.4878,12.1341,-69.7561,walking,1,fG1,2591
260,-4.23856,6.22247,-2.63562,19.4512,11.7073,-56.2195,walking,1,fG1,2601
261,-4.0972,6.10027,-2.99742,5.2439,4.63415,-40.4268,walking,1,fG1,2611
262,-4.08521,6.37102,-3.58445,-19.3293,-4.69512,-22.1951,walking,1,fG1,2621
263,-4.04688,6.75199,-4.0325,-50.4878,-10.122,-1.95122,walking,1,fG1,2631
264,-4.04448,6.85022,-3.88155,-82.8049,-9.5122,19.3293,walking,1,fG1,2641
265,-4.06125,6.49801,-3.01659,-107.012,-3.59756,38.3537,walking,1,fG1,2651
266,-4.26971,6.25601,-2.4703,-117.073,6.28049,52.9268,walking,1,fG1,2661
267,-4.70339,6.51718,-2.61885,-120.488,21.7073,62.0122,walking,1,fG1,2671
268,-5.24489,6.75438,-3.04534,-123.171,40.4878,65.9146,walking,1,fG1,2681
269,-5.56835,6.59624,-2.94471,-123.537,57.8659,65.9146,walking,1,fG1,2691
270,-5.75764,6.33747,-2.79136,-120.854,74.0244,61.9512,walking,1,fG1,2701
271,-6.27518,6.45009,-3.22744,-115.122,88.9634,54.939,walking,1,fG1,2711
272,-6.90054,6.71844,-4.05167,-110.915,98.8415,46.9512,walking,1,fG1,2721
273,-7.15452,6.66573,-4.49493,-111.463,104.268,39.5122,walking,1,fG1,2731
274,-7.02274,6.10746,-4.31763,-112.073,107.5,32.0122,walking,1,fG1,2741
275,-6.76636,5.40303,-3.94145,-105.549,110.793,23.2317,walking,1,fG1,2751
276,-6.65614,4.94539,-3.84082,-94.2073,111.768,13.9024,walking,1,fG1,2761
277,-6.6226,4.74412,-3.96781,-84.0244,108.11,6.28049,walking,1,fG1,2771
278,-6.70886,4.83038,-4.28169,-78.3537,101.28,2.13415,walking,1,fG1,2781
279,-7.03232,5.1179,-4.55483,-76.0366,92.5,-0.0609756,walking,1,fG1,2791
280,-7.45402,5.44855,-4.71776,-74.878,83.1098,-2.07317,walking,1,fG1,2801
281,-7.99792,5.67617,-4.6962,-70.5488,76.7683,-5.73171,walking,1,fG1,2811
282,-8.59453,5.7792,-4.54525,-59.3293,68.5366,-9.63415,walking,1,fG1,2821
283,-9.06415,5.83671,-4.32002,-40.6707,52.8049,-12.0732,walking,1,fG1,2831
284,-9.31094,6.19611,-4.1547,-18.7195,32.2561,-11.7683,walking,1,fG1,2841
285,-9.29656,6.70167,-3.91031,-0.243902,14.3902,-10.0,walking,1,fG1,2851
286,-9.00425,6.65135,-3.46465,15.122,7.56098,-10.4878,walking,1,fG1,2861
287,-9.21989,6.6825,-3.20827,35.122,2.31707,-13.2317,walking,1,fG1,2871
288,-9.2127,6.78553,-2.73626,59.6951,-10.6707,-17.378,walking,1,fG1,2881
289,-9.15759,7.17129,-2.71469,83.1707,-24.3293,-22.622,walking,1,fG1,2891
290,-9.04737,7.63851,-2.81772,101.646,-34.5122,-28.1707,walking,1,fG1,2901
291,-8.9108,8.00271,-2.59968,113.415,-38.7805,-33.6585,walking,1,fG1,2911
292,-9.2726,8.41962,-2.85845,124.329,-43.5366,-39.0244,walking,1,fG1,2921
293,-9.48824,9.13603,-2.78897,137.378,-58.8415,-43.2927,walking,1,fG1,2931
294,-9.00185,9.58887,-2.44634,141.951,-71.2195,-47.8659,walking,1,fG1,2941
295,-8.47472,9.29896,-2.30018,139.695,-66.8293,-53.4756,walking,1,fG1,2951
296,-7.91406,8.68557,-1.67961,148.78,-58.9634,-56.5854,walking,1,fG1,2961
297,-7.09462,8.35492,-1.25072,164.329,-58.2317,-54.0244,walking,1,fG1,2971
298,-6.52916,8.80058,-2.13965,168.902,-60.122,-46.3415,walking,1,fG1,2981
299,-6.32549,9.62721,-3.32568,149.939,-57.0122,-36.7683,walking,1,fG1,2991
300,-6.46926,10.2382,-3.72102,109.939,-47.8659,-29.3902,walking,1,fG1,3001
301,-7.20004,10.2526,-3.76654,70.2439,-44.2073,-26.7683,walking,1,fG1,3011
302,-7.42287,10.0369,-3.35443,49.2073,-53.0488,-25.9146,walking,1,fG1,3021
303,-7.06826,9.7542,-2.87283,41.2805,-62.378,-23.2317,walking,1,fG1,3031
304,-6.39258,9.3948,-2.47749,38.1707,-69.0244,-16.0366,walking,1,fG1,3041
305,-5.65461,9.00185,-2.43915,31.2805,-70.3049,-5.54878,walking,1,fG1,3051
306,-5.20895,8.549,-2.65958,15.3049,-68.5976,6.52439,walking,1,fG1,3061
307,-4.95497,8.19679,-2.65719,-1.03659,-69.3293,18.3537,walking,1,fG1,3071
308,-4.78246,8.05063,-2.59729,-14.0854,-71.0366,28.1098,walking,1,fG1,3081
309,-4.91663,8.35972,-2.79616,-21.2805,-70.0,34.878,walking,1,fG1,3091
310,-5.22572,9.05696,-3.35443,-22.561,-67.622,39.6951,walking,1,fG1,3101
311,-5.56596,10.0249,-4.24814,-22.2561,-61.2805,43.1707,walking,1,fG1,3111
312,-5.58992,10.4275,-4.92622,-25.3659,-48.4146,46.6463,walking,1,fG1,3121
313,-5.32875,10.0537,-5.12748,-27.2561,-29.7561,50.6707,walking,1,fG1,3131
314,-4.94059,9.12165,-5.01247,-26.5854,-10.2439,55.3659,walking,1,fG1,3141
315,-4.55244,8.05302,-4.71776,-27.0732,1.28049,62.2561,walking,1,fG1,3151
316,-4.24814,7.27432,-4.54285,-30.4268,3.17073,72.0732,walking,1,fG1,3161
317,-4.18585,6.97961,-4.66505,-35.5488,1.28049,83.8415,walking,1,fG1,3171
318,-4.28888,7.04909,-5.04602,-40.7927,-0.182927,96.9512,walking,1,fG1,3181
319,-4.47816,7.21921,-5.41501,-45.122,1.09756,110.61,walking,1,fG1,3191
320,-4.80163,7.27432,-5.72649,-47.0732,5.4878,123.171,walking,1,fG1,3201
321,-5.28323,7.09462,-6.07152,-45.7317,9.63415,133.415,walking,1,fG1,3211
322,-5.58033,6.58187,-6.02839,-37.8659,7.0122,142.317,walking,1,fG1,3221
323,-5.43417,6.12183,-5.40063,-27.9878,-3.59756,151.037,walking,1,fG1,3231
324,-5.07477,5.93494,-4.97174,-20.6098,-11.2805,158.232,walking,1,fG1,3241
325,-4.97893,5.94453,-4.80881,-15.4268,-8.10976,161.646,walking,1,fG1,3251
326,-5.1778,6.01401,-4.66745,-13.2317,-1.89024,161.28,walking,1,fG1,3261
327,-5.51324,6.21288,-4.77766,-12.5,-0.731707,157.927,walking,1,fG1,3271
328,-5.70492,6.5004,-4.74652,-12.5,-1.03659,150.61,walking,1,fG1,3281
329,-5.89181,6.73042,-4.61953,-13.7195,3.53659,138.902,walking,1,fG1,3291
330,-6.17934,6.73282,-4.63151,-13.3537,11.3415,123.049,walking,1,fG1,3301
331,-6.23684,6.46207,-4.41826,-5.73171,16.4634,104.878,walking,1,fG1,3311
332,-5.87025,6.0787,-3.87197,5.60976,21.5244,85.6707,walking,1,fG1,3321
333,-5.34313,5.62825,-3.26578,16.5244,29.3902,67.561,walking,1,fG1,3331
334,-4.95257,5.17301,-2.95429,25.2439,38.1707,51.5244,walking,1,fG1,3341
335,-4.71297,4.86632,-2.88241,31.8902,42.9878,38.3537,walking,1,fG1,3351
336,-4.60276,4.574,-2.95429,34.878,40.9146,27.439,walking,1,fG1,3361
337,-4.50691,4.3967,-3.06211,38.1707,30.122,18.3537,walking,1,fG1,3371
338,-4.41826,4.74891,-3.05013,38.2927,15.7317,9.87805,walking,1,fG1,3381
339,-4.80642,5.4773,-3.63237,29.939,3.17073,1.40244,walking,1,fG1,3391
340,-5.78879,6.4405,-4.43503,23.8415,-12.439,-8.35366,walking,1,fG1,3401
341,-6.66094,7.5858,-4.98851,21.4024,-34.2683,-19.939,walking,1,fG1,3411
342,-7.20004,8.75027,-5.32875,24.0854,-56.2805,-33.4146,walking,1,fG1,3421
343,-7.41568,10.0226,-4.89747,34.0244,-63.5976,-47.6829,walking,1,fG1,3431
344,-7.75831,10.866,-4.70099,55.7317,-58.4146,-61.0976,walking,1,fG1,3441
345,-7.5259,11.6255,-4.91903,86.7683,-62.1341,-69.0244,walking,1,fG1,3451
346,-6.59145,12.4401,-5.09873,93.5366,-60.9146,-73.1707,walking,1,fG1,3461
347,-5.79118,12.6414,-4.23137,85.4878,-32.0732,-80.9756,walking,1,fG1,3471
348,-5.542,12.3275,-3.45267,77.439,5.97561,-90.122,walking,1,fG1,3481
349,-5.23291,11.6399,-3.34245,74.1463,37.0122,-97.2561,walking,1,fG1,3491
350,-4.37753,10.2166,-2.68354,77.3171,63.6585,-100.671,walking,1,fG1,3501
351,-3.08607,8.4316,-2.15402,87.8659,88.6585,-100.793,walking,1,fG1,3511
352,-1.63648,7.09701,-1.71076,95.9146,114.512,-99.7561,walking,1,fG1,3521
353,-0.18689,7.03711,-1.36334,93.1707,132.012,-94.6341,walking,1,fG1,3531
354,0.994349,8.70474,-0.833815,109.268,145.732,-90.9146,walking,1,fG1,3541
355,1.29146,11.4027,0.297107,94.8171,145.976,-84.8171,walking,1,fG1,3551
356,-0.146157,12.9697,-2.15881,29.2683,125.61,-66.5244,walking,1,fG1,3561
357,-2.23309,13.8993,-2.78418,-32.2561,121.646,-47.2561,walking,1,fG1,3571
358,-4.47816,13.6022,-2.42956,-76.9512,136.28,-35.061,walking,1,fG1,3581
359,-6.36862,12.4665,-2.2283,-94.0854,138.354,-31.0976,walking,1,fG1,3591
360,-7.29109,11.2517,-2.60687,-86.7683,115.183,-32.378,walking,1,fG1,3601
361,-7.06586,10.2909,-3.58924,-75.4878,82.3171,-35.2439,walking,1,fG1,3611
362,-6.18892,9.37084,-3.86718,-77.3171,53.2927,-35.9146,walking,1,fG1,3621
363,-5.25208,8.37409,-3.51017,-86.5244,31.8293,-34.0244,walking,1,fG1,3631
364,-4.574,7.50434,-3.04055,-98.0488,13.2927,-29.6341,walking,1,fG1,3641
365,-4.10199,6.77834,-2.84168,-107.622,-2.80488,-23.1098,walking,1,fG1,3651
366,-4.05407,6.27518,-2.78897,-116.768,-17.0732,-14.5732,walking,1,fG1,3661
367,-3.95583,6.16496,-3.20108,-124.146,-31.8902,-4.57317,walking,1,fG1,3671
368,-3.15077,6.79272,-3.63237,-132.744,-36.5854,5.42683,walking,1,fG1,3681
369,-2.15163,7.77509,-3.95823,-146.951,-27.7439,15.3659,walking,1,fG1,3691
370,-1.61492,8.82934,-4.44941,-166.402,-13.0488,25.0,walking,1,fG1,3701
371,-2.09412,9.33729,-4.61953,-179.207,-0.792683,33.9024,walking,1,fG1,3711
372,-3.58445,8.79819,-4.02052,-172.5,0.121951,40.6707,walking,1,fG1,3721
373,-5.10592,8.0051,-3.21306,-140.0,-10.5488,45.7317,walking,1,fG1,3731
374,-5.90619,7.71039,-3.28015,-103.049,-20.1829,49.7561,walking,1,fG1,3741
375,-6.31112,7.63851,-4.00135,-80.3659,-16.0366,53.4756,walking,1,fG1,3751
376,-6.41415,7.25036,-4.36795,-70.6098,-10.5488,57.439,walking,1,fG1,3761
377,-6.27997,6.65375,-3.91749,-66.4024,-13.5366,60.0,walking,1,fG1,3771
378,-6.09068,6.24163,-3.57486,-57.8049,-24.5122,58.2927,walking,1,fG1,3781
379,-5.657,6.24163,-3.47663,-47.0732,-33.0488,52.8659,walking,1,fG1,3791
380,-5.13946,6.48842,-3.48861,-39.7561,-28.7195,44.2683,walking,1,fG1,3801
381,-4.93101,6.5627,-3.39277,-35.061,-10.1829,31.1585,walking,1,fG1,3811
382,-4.99331,6.27757,-3.54371,-28.1707,9.69512,13.2317,walking,1,fG1,3821
383,-4.8783,5.96849,-3.56049,-15.4878,20.5488,-6.70732,walking,1,fG1,3831
384,-4.2721,5.76722,-3.44548,-7.19512,24.8171,-25.7317,walking,1,fG1,3841
385,-3.57247,5.42459,-3.16754,-8.10976,34.0244,-42.0732,walking,1,fG1,3851
386,-3.27536,5.02925,-2.69073,-10.0,48.9634,-55.7927,walking,1,fG1,3861
387,-3.38797,4.68182,-2.34331,-6.34146,58.9024,-66.6463,walking,1,fG1,3871
388,-3.62758,4.79204,-2.53978,0.792683,58.5366,-73.4146,walking,1,fG1,3881
389,-4.02531,5.60429,-3.00221,6.89024,52.7439,-74.878,walking,1,fG1,3891
390,-4.6339,7.1641,-3.71383,2.43902,43.5976,-70.5488,walking,1,fG1,3901
391,-5.56596,8.66401,-4.3943,-18.2317,38.2317,-64.2073,walking,1,fG1,3911
392,-6.89814,9.35167,-4.71537,-31.6463,41.4024,-61.1585,walking,1,fG1,3921
393,-8.0075,11.8268,-3.99177,-0.670732,46.2805,-68.7805,walking,1,fG1,3931
394,-6.16256,15.7059,-1.75628,25.6707,74.0244,-88.4146,walking,1,fG1,3941
395,-5.92775,14.4959,-0.347423,26.0366,143.72,-98.2317,walking,1,fG1,3951
396,-9.01862,12.5575,-0.98716,-4.26829,154.329,-83.1707,walking,1,fG1,3961
397,-10.9426,10.5257,-3.97979,5.97561,109.085,-64.3902,walking,1,fG1,3971
398,-9.92192,8.32857,-4.25294,49.878,51.8902,-52.561,walking,1,fG1,3981
399,-7.25755,6.76636,-2.88481,82.7439,-6.34146,-41.5244,walking,1,fG1,3991
400,-4.7561,6.29435,-2.38404,91.5854,-35.5488,-29.4512,walking,1,fG1,4001
401,-3.88874,6.47644,-2.75063,83.2317,-35.3049,-18.0488,walking,1,fG1,4011
402,-4.83517,7.2264,-3.51975,61.6463,-38.8415,-9.14634,walking,1,fG1,4021
403,-6.12183,8.1872,-4.46858,38.4756,-66.5244,-5.18293,walking,1,fG1,4031
404,-6.37581,9.20311,-4.02771,27.5,-101.707,-7.92683,walking,1,fG1,4041
405,-5.99245,10.2622,-3.44548,22.0122,-127.683,-11.3415,walking,1,fG1,4051
406,-7.03232,8.4891,-1.65325,-122.622,133.11,-48.5366,walking,2,fG1,4061
407,-7.25036,8.22554,-0.455244,-104.817,113.293,-46.3415,walking,2,fG1,4071
408,-6.66813,8.17043,-0.536709,-81.1585,84.3293,-41.1585,walking,2,fG1,4081
409,-4.95257,8.76944,-0.994349,-64.2073,62.1951,-36.0976,walking,2,fG1,4091
410,-3.12441,9.44272,-1.14769,-64.878,59.1463,-34.0244,walking,2,fG1,4101
411,-2.66677,9.12165,-1.06623,-81.9512,61.3415,-33.0488,walking,2,fG1,4111
412,-3.79769,7.56903,-1.77306,-109.878,50.3659,-25.8537,walking,2,fG1,4121
413,-5.22812,5.75524,-3.26338,-133.415,23.0488,-9.93902,walking,2,fG1,4131
414,-5.99964,4.78246,-3.58684,-140.244,-12.7439,5.85366,walking,2,fG1,4141
415,-6.57947,4.90945,-3.40954,-137.683,-50.9146,12.5,walking,2,fG1,4151
416,-6.76636,5.5396,-3.26817,-118.415,-87.9878,8.53659,walking,2,fG1,4161
417,-5.9014,6.28955,-2.27382,-86.9512,-112.5,-4.57317,walking,2,fG1,4171
418,-3.22984,7.39652,-0.563065,-44.878,-101.951,-26.6463,walking,2,fG1,4181
419,-0.9632,8.84132,0.330651,-5.2439,-41.6463,-53.7805,walking,2,fG1,4191
420,-2.99742,8.01948,-3.3712,-22.1341,-4.32927,-53.7195,walking,2,fG1,4201
421,-5.31677,7.14973,-7.92364,-21.6463,-27.378,-34.1463,walking,2,fG1,4211
422,-5.44615,8.23273,-5.33833,-9.93902,-36.4634,-33.9634,walking,2,fG1,4221
423,-7.18806,9.77337,-4.62672,-8.84146,-38.3537,-52.1951,walking,2,fG1,4231
424,-8.98747,10.6575,-6.6825,-11.1585,-84.8171,-56.0366,walking,2,fG1,4241
425,-8.86528,11.6542,-6.31831,-2.7439,-131.829,-40.2439,walking,2,fG1,4251
426,-7.20963,11.9154,-3.68748,12.3171,-143.171,-19.2683,walking,2,fG1,4261
427,-5.71211,10.8348,-1.23635,31.7073,-122.561,4.14634,walking,2,fG1,4271
428,-4.85673,9.44751,-0.817043,62.561,-108.232,22.6829,walking,2,fG1,4281
429,-4.47816,8.8485,-2.36248,90.8537,-95.7317,29.2073,walking,2,fG1,4291
430,-4.22179,8.75985,-3.76175,102.683,-81.2805,26.6463,walking,2,fG1,4301
431,-3.80248,8.46035,-4.42305,95.7317,-76.7683,20.1829,walking,2,fG1,4311
432,-3.45985,8.0051,-4.56921,78.8415,-82.3171,12.2561,walking,2,fG1,4321
433,-3.49579,7.55226,-4.46618,68.6585,-95.7317,5.18293,walking,2,fG1,4331
434,-3.45746,7.61216,-4.60036,71.0976,-115.488,3.10976,walking,2,fG1,4341
435,-3.32807,8.15845,-5.22332,77.2561,-133.232,8.65854,walking,2,fG1,4351
436,-3.02617,8.88924,-5.79118,78.5366,-138.72,19.5732,walking,2,fG1,4361
437,-2.68834,9.32531,-5.9589,72.3171,-127.805,31.4024,walking,2,fG1,4371
438,-2.43196,9.27979,-5.7193,65.122,-105.366,39.7561,walking,2,fG1,4381
439,-2.2858,8.83413,-4.73454,59.3902,-76.6463,41.4024,walking,2,fG1,4391
440,-2.39362,8.35492,-3.92229,59.1463,-49.939,36.0976,walking,2,fG1,4401
441,-2.57812,8.37409,-3.86239,62.7439,-28.7195,25.8537,walking,2,fG1,4411
442,-2.77938,8.70235,-4.18106,59.5732,-9.7561,15.0,walking,2,fG1,4421
443,-3.14837,8.81975,-4.45181,49.2073,7.56098,6.03659,walking,2,fG1,4431
444,-3.6108,8.80298,-4.50452,37.7439,21.4634,-0.365854,walking,2,fG1,4441
445,-4.04688,8.68318,-4.48295,32.9878,24.878,-2.43902,walking,2,fG1,4451
446,-3.95104,8.78621,-4.13793,29.3293,21.3415,1.34146,walking,2,fG1,4461
447,-3.86239,8.75985,-3.74738,27.8049,18.4756,10.3049,walking,2,fG1,4471
448,-3.48621,8.88205,-3.09805,35.122,6.40244,26.6463,walking,2,fG1,4481
449,-3.08368,9.04019,-2.37206,43.8415,-16.5854,50.3659,walking,2,fG1,4491
450,-2.89439,9.32292,-1.79941,59.7561,-46.6463,78.7805,walking,2,fG1,4501
451,-2.64041,9.73503,-1.61492,81.2195,-85.3049,109.634,walking,2,fG1,4511
452,-2.21632,10.2765,-1.82098,81.6463,-103.659,133.354,walking,2,fG1,4521
453,-2.46071,10.37,-2.04141,64.878,-85.8537,139.634,walking,2,fG1,4531
454,-3.11722,10.3628,-2.25945,43.0488,-46.8902,129.634,walking,2,fG1,4541
455,-3.93666,10.2813,-2.91356,21.7683,-3.78049,109.573,walking,2,fG1,4551
456,-4.50212,9.82129,-3.88874,-0.792683,35.061,85.4268,walking,2,fG1,4561
457,-4.68422,8.77423,-4.28648,-23.7805,64.878,61.3415,walking,2,fG1,4571
458,-4.8759,7.44683,-4.01813,-45.0,82.9878,39.878,walking,2,fG1,4581
459,-5.1778,6.13381,-4.10678,-50.3049,86.7683,21.5244,walking,2,fG1,4591
460,-5.31917,5.24968,-4.18585,-39.939,75.4878,8.10976,walking,2,fG1,4601
461,-5.09154,4.7537,-4.39909,-24.878,57.3171,-0.0609756,walking,2,fG1,4611
462,-4.85913,4.45899,-4.5764,-11.9512,41.9512,-4.93902,walking,2,fG1,4621
463,-4.70578,4.20262,-4.62672,-0.304878,28.4146,-7.80488,walking,2,fG1,4631
464,-4.60036,4.00135,-4.66266,12.6829,12.1341,-8.96341,walking,2,fG1,4641
465,-4.38951,3.90791,-4.66745,25.3049,-11.5854,-7.92683,walking,2,fG1,4651
466,-4.02771,3.94625,-4.57161,36.2805,-42.622,-4.14634,walking,2,fG1,4661
467,-3.46944,4.22418,-4.39909,42.561,-77.1951,1.76829,walking,2,fG1,4671
468,-3.06451,4.80881,-4.3967,37.622,-99.1463,4.08537,walking,2,fG1,4681
469,-3.57965,5.76003,-4.67703,27.9878,-101.159,-3.23171,walking,2,fG1,4691
470,-4.86392,7.02034,-5.94213,25.3659,-95.9146,-19.939,walking,2,fG1,4701
471,-6.60104,8.10095,-7.08024,31.0976,-91.5854,-44.2073,walking,2,fG1,4711
472,-7.93083,8.34055,-8.52983,77.1341,-106.89,-71.7073,walking,2,fG1,4721
473,-5.7193,9.82368,-7.63133,153.171,-172.866,-74.3902,walking,2,fG1,4731
474,-1.14769,12.2101,-6.44769,141.951,-192.866,-57.8049,walking,2,fG1,4741
475,0.357007,12.881,-6.28237,79.0854,-120.183,-44.5122,walking,2,fG1,4751
476,-0.555877,13.0751,-5.36948,23.9634,-36.6463,-39.939,walking,2,fG1,4761
477,-2.23788,13.5423,-4.89986,-16.5854,18.1707,-46.4634,walking,2,fG1,4771
478,-2.82491,13.5543,-3.99177,-41.5854,66.4634,-60.3049,walking,2,fG1,4781
479,-3.09566,12.9385,-2.72428,-58.2927,128.841,-73.2927,walking,2,fG1,4791
480,-4.12595,11.4122,-2.32893,-66.3415,179.451,-76.2805,walking,2,fG1,4801
481,-5.08675,9.95067,-1.74191,-50.3049,187.378,-68.2317,walking,2,fG1,4811
482,-5.32396,9.26302,-1.83535,-27.378,161.707,-54.878,walking,2,fG1,4821
483,-4.83757,9.44511,-2.03422,-14.2073,132.744,-45.6098,walking,2,fG1,4831
484,-4.34159,9.58648,-1.77545,-12.8659,120.549,-45.3659,walking,2,fG1,4841
485,-4.25054,9.42594,-1.45918,-16.2195,121.159,-47.9878,walking,2,fG1,4851
486,-4.6387,9.00664,-1.70597,-20.1829,121.098,-45.061,walking,2,fG1,4861
487,-5.15624,8.58494,-2.45113,-22.8659,112.073,-35.6098,walking,2,fG1,4871
488,-5.58752,8.26148,-3.14597,-24.6951,93.1098,-26.4634,walking,2,fG1,4881
489,-5.57794,8.25429,-3.69227,-28.8415,69.4512,-23.7195,walking,2,fG1,4891
490,-5.62346,8.35972,-3.90072,-39.0244,53.8415,-29.3902,walking,2,fG1,4901
491,-5.57554,8.52744,-3.64195,-45.1829,42.8659,-38.9024,walking,2,fG1,4911
492,-5.28802,8.9731,-3.02857,-49.878,34.6341,-46.1585,walking,2,fG1,4921
493,-4.91903,9.42355,-2.61645,-52.9878,30.3049,-50.6707,walking,2,fG1,4931
494,-3.86239,10.0872,-2.20673,-59.2073,37.378,-54.6951,walking,2,fG1,4941
495,-3.26578,10.1184,-2.18996,-67.622,49.8171,-58.5976,walking,2,fG1,4951
496,-1.96234,10.3316,-2.19955,-77.5,65.4268,-61.1585,walking,2,fG1,4961
497,-0.263562,10.9091,-2.50384,-98.3537,93.3537,-60.8537,walking,2,fG1,4971
498,0.965596,11.2853,-3.3688,-130.366,131.098,-57.3171,walking,2,fG1,4981
499,0.577441,10.8564,-4.05407,-166.341,165.61,-49.4512,walking,2,fG1,4991
500,-1.57179,9.61283,-4.28169,-185.915,173.537,-36.6463,walking,2,fG1,5001
501,-3.86478,8.38368,-3.81926,-182.012,154.268,-21.4634,walking,2,fG1,5011
502,-5.07477,7.73675,-3.27296,-161.341,125.244,-4.69512,walking,2,fG1,5021
503,-6.04756,7.01315,-2.81293,-135.549,99.0854,11.7073,walking,2,fG1,5031
504,-6.77355,6.3231,-2.48707,-103.841,68.4146,26.7073,walking,2,fG1,5041
505,-6.81907,5.87504,-2.14444,-67.8659,32.6829,37.6829,walking,2,fG1,5051
506,-6.31591,5.76243,-1.97192,-34.6341,-6.58537,44.0854,walking,2,fG1,5061
507,-5.44615,5.81035,-2.50624,-16.7073,-39.2683,48.1098,walking,2,fG1,5071
508,-4.97653,6.04276,-2.97346,-10.5488,-56.0976,49.5732,walking,2,fG1,5081
509,-4.97174,6.63698,-2.92554,-9.5122,-64.2073,47.9268,walking,2,fG1,5091
510,-4.95737,7.39891,-2.5877,-9.02439,-67.9878,42.0122,walking,2,fG1,5101
511,-4.75131,8.05782,-2.31695,-9.69512,-64.1463,32.2561,walking,2,fG1,5111
512,-4.38232,8.22554,-1.96713,-14.1463,-50.122,22.561,walking,2,fG1,5121
513,-4.11636,7.92124,-1.78983,-18.4146,-28.8415,14.4512,walking,2,fG1,5131
514,-3.82644,7.31026,-1.74191,-18.1707,-9.7561,8.96341,walking,2,fG1,5141
515,-3.16514,6.70407,-1.61013,-15.6098,5.30488,4.93902,walking,2,fG1,5151
516,-2.68834,6.39737,-1.67003,-15.4268,19.5122,1.46341,walking,2,fG1,5161
517,-3.14118,6.24643,-2.24268,-19.939,27.5,-2.31707,walking,2,fG1,5171
518,-3.95104,6.03797,-2.85126,-26.7073,25.061,-8.47561,walking,2,fG1,5181
519,-4.53806,5.88702,-2.44634,-27.9878,22.439,-20.3049,walking,2,fG1,5191
520,-5.78879,5.9613,-2.57812,-27.439,14.0244,-34.5122,walking,2,fG1,5201
521,-6.77595,6.70167,-3.23942,-19.1463,-6.28049,-47.439,walking,2,fG1,5211
522,-6.06433,8.58015,-2.31456,1.52439,-8.10976,-63.6585,walking,2,fG1,5221
523,-5.44136,12.016,-0.793083,13.1098,41.3415,-94.4512,walking,2,fG1,5231
524,-9.21989,13.9712,-3.09805,-18.5976,68.1098,-119.39,walking,2,fG1,5241
525,-11.2541,13.3339,-4.94539,-36.0976,26.8902,-107.195,walking,2,fG1,5251
526,-11.2661,11.6399,-3.57007,-27.5,-5.30488,-81.5854,walking,2,fG1,5261
527,-11.3116,10.0369,-3.74258,4.93902,-70.9756,-53.6585,walking,2,fG1,5271
528,-9.74462,9.41396,-3.36162,54.2073,-166.951,-20.5488,walking,2,fG1,5281
529,-7.26234,9.10248,-3.27296,91.2195,-236.341,11.5854,walking,2,fG1,5291
530,-3.92229,8.77662,-3.3688,122.622,-245.732,30.9756,walking,2,fG1,5301
531,-0.682866,9.4547,-2.36008,134.268,-188.415,32.8659,walking,2,fG1,5311
532,-0.400135,9.56252,-1.97911,125.244,-122.988,25.6098,walking,2,fG1,5321
533,-2.12527,8.87486,-3.23223,110.671,-108.415,17.8659,walking,2,fG1,5331
534,-3.52934,8.82454,-5.58752,113.78,-135.549,13.0488,walking,2,fG1,5341
535,-3.22504,9.50022,-7.38693,116.402,-172.012,15.5488,walking,2,fG1,5351
536,-1.94557,9.97224,-7.71519,96.2195,-185.976,25.3659,walking,2,fG1,5361
537,-1.05665,9.86921,-6.87658,68.2317,-169.207,35.7927,walking,2,fG1,5371
538,-0.776311,9.31573,-5.59471,55.4878,-134.207,41.4634,walking,2,fG1,5381
539,-0.682866,8.70714,-4.41347,57.1951,-94.6341,41.2195,walking,2,fG1,5391
540,-0.845795,8.38368,-3.75696,66.6463,-56.5244,36.0366,walking,2,fG1,5401
541,-1.1429,8.47472,-3.89833,73.1707,-19.6341,29.1463,walking,2,fG1,5411
542,-1.6868,8.82215,-4.59557,67.8659,14.8171,23.7195,walking,2,fG1,5421
543,-2.65479,8.92518,-4.98133,54.3293,42.7439,20.122,walking,2,fG1,5431
544,-3.69946,8.7311,-5.12988,43.2927,55.061,18.5366,walking,2,fG1,5441
545,-4.29846,8.53942,-5.01966,34.2683,54.0244,18.9024,walking,2,fG1,5451
546,-4.51889,8.30221,-4.78246,29.5732,45.122,22.7439,walking,2,fG1,5461
547,-4.07084,8.50587,-3.91749,25.2439,36.0366,31.7073,walking,2,fG1,5471
548,-4.00375,8.56338,-2.8273,22.1341,28.7195,45.7317,walking,2,fG1,5481
549,-3.91989,8.8509,-1.82337,36.2195,7.92683,65.9756,walking,2,fG1,5491
550,-3.9127,9.52658,-1.05185,61.2195,-35.1829,95.7317,walking,2,fG1,5501
551,-3.38078,10.1184,-1.15488,89.5732,-90.9756,132.012,walking,2,fG1,5511
552,-2.89918,10.4203,-1.28427,85.2439,-107.439,157.439,walking,2,fG1,5521
553,-3.22504,10.0393,-1.43282,69.0244,-81.0976,160.854,walking,2,fG1,5531
554,-3.87197,9.6344,-1.53825,54.939,-38.0488,146.463,walking,2,fG1,5541
555,-4.54046,9.2127,-2.19475,37.9268,0.97561,123.049,walking,2,fG1,5551
556,-4.74891,8.70953,-2.96148,20.3659,31.4024,97.378,walking,2,fG1,5561
557,-4.94778,7.71758,-3.55809,0.304878,55.6707,73.3537,walking,2,fG1,5571
558,-5.13467,6.55072,-3.83842,-14.939,69.0854,52.378,walking,2,fG1,5581
559,-5.14426,5.48689,-3.70904,-21.0976,67.0732,34.8171,walking,2,fG1,5591
560,-4.96695,4.6962,-3.54611,-23.4756,54.878,20.061,walking,2,fG1,5601
561,-4.85194,4.12834,-3.41193,-21.9512,38.5366,6.70732,walking,2,fG1,5611
562,-4.85434,3.80248,-3.29692,-14.2073,16.9512,-3.96341,walking,2,fG1,5621
563,-4.61234,3.75456,-3.18431,-0.853659,-11.7683,-10.3659,walking,2,fG1,5631
564,-4.25533,3.9151,-3.14837,15.3659,-48.2317,-10.122,walking,2,fG1,5641
565,-3.81686,4.22418,-3.21546,34.0244,-94.3902,-1.52439,walking,2,fG1,5651
566,-3.70185,5.0556,-3.39995,42.1951,-134.695,8.90244,walking,2,fG1,5661
567,-4.59557,6.32549,-4.65786,45.7317,-150.549,11.8293,walking,2,fG1,5671
568,-6.43811,7.62414,-6.45728,61.5854,-155.244,2.5,walking,2,fG1,5681
569,-6.94127,8.60411,-7.88291,104.817,-177.378,-16.2805,walking,2,fG1,5691
570,-4.79444,11.1223,-7.79905,127.622,-192.317,-34.2683,walking,2,fG1,5701
571,-3.71623,13.6765,-8.86528,85.1829,-138.841,-55.6707,walking,2,fG1,5711
572,-3.97739,14.3354,-10.4395,20.7927,-56.3415,-80.5488,walking,2,fG1,5721
573,-3.91989,13.516,-8.52264,-34.1463,29.4512,-104.634,walking,2,fG1,5731
574,-4.13553,11.6734,-5.74805,-69.7561,102.134,-121.89,walking,2,fG1,5741
575,-4.43983,9.52658,-3.97739,-69.2683,141.402,-125.366,walking,2,fG1,5751
576,-4.33919,8.41243,-2.19715,-30.8537,143.902,-115.976,walking,2,fG1,5761
577,-3.70425,8.58494,-2.77938,15.061,119.085,-96.5854,walking,2,fG1,5771
578,-2.45113,9.43074,-3.49819,47.9268,96.2195,-77.2561,walking,2,fG1,5781
579,-1.2052,10.3436,-2.06058,60.061,96.0366,-67.561,walking,2,fG1,5791
580,-0.309087,10.7989,-0.560669,53.7195,115.61,-66.7073,walking,2,fG1,5801
581,-0.642133,11.1726,-0.0862567,37.7439,144.39,-68.1098,walking,2,fG1,5811
582,-2.13006,11.0361,-1.56221,9.08537,157.561,-64.5122,walking,2,fG1,5821
583,-3.82165,10.8444,-3.17473,-17.561,150.305,-59.8171,walking,2,fG1,5831
584,-4.94778,10.7102,-3.97739,-42.6829,135.488,-59.0854,walking,2,fG1,5841
585,-5.76483,10.3844,-4.04688,-62.8049,123.537,-61.7683,walking,2,fG1,5851
586,-6.05954,10.2526,-3.23702,-74.2073,112.256,-62.378,walking,2,fG1,5861
587,-5.96609,9.8165,-2.1684,-78.9634,102.012,-59.878,walking,2,fG1,5871
588,-5.59231,9.18874,-1.92161,-75.5488,83.5976,-54.939,walking,2,fG1,5881
589,-5.15384,8.65443,-2.19475,-73.9634,62.3171,-49.6951,walking,2,fG1,5891
590,-4.32721,8.37649,-2.54697,-74.6951,46.0366,-44.2073,walking,2,fG1,5901
591,-3.06451,8.71193,-2.61166,-84.2073,42.8049,-37.8659,walking,2,fG1,5911
592,-2.01985,9.20311,-2.58531,-103.476,55.122,-31.7073,walking,2,fG1,5921
593,-1.38011,9.67992,-3.11722,-125.915,68.2927,-25.8537,walking,2,fG1,5931
594,-1.32021,9.83806,-3.8552,-150.61,78.5976,-18.6585,walking,2,fG1,5941
595,-2.21632,9.55773,-4.17387,-167.073,82.439,-9.45122,walking,2,fG1,5951
596,-3.71383,8.95872,-3.92947,-167.988,72.9268,2.37805,walking,2,fG1,5961
597,-4.90945,8.39086,-3.70664,-157.317,55.061,15.4268,walking,2,fG1,5971
598,-5.69534,7.87093,-3.41912,-140.0,38.3537,28.2927,walking,2,fG1,5981
599,-6.09787,7.17129,-2.84887,-116.402,22.8049,38.9634,walking,2,fG1,5991
600,-6.31831,6.39977,-2.41758,-87.378,3.35366,45.3659,walking,2,fG1,6001
601,-6.20569,5.78879,-2.37925,-52.0122,-20.4878,47.378,walking,2,fG1,6011
602,-5.70972,5.55877,-2.50145,-20.4268,-42.9268,47.0122,walking,2,fG1,6021
603,-5.2353,5.70253,-2.85366,-0.426829,-57.0732,45.7927,walking,2,fG1,6031
604,-4.84715,5.88702,-3.0094,7.31707,-63.4146,42.7439,walking,2,fG1,6041
605,-4.68422,6.12423,-2.91835,7.68293,-63.5366,36.4634,walking,2,fG1,6051
606,-4.574,6.40456,-2.60447,7.5,-62.2561,27.0732,walking,2,fG1,6061
607,-4.12116,6.65614,-2.13725,8.47561,-58.8415,16.1585,walking,2,fG1,6071
608,-3.1891,6.75678,-1.76347,8.04878,-46.2805,5.4878,walking,2,fG1,6081
609,-2.14923,6.74001,-1.54064,3.41463,-20.6098,-3.71951,walking,2,fG1,6091
610,-1.49512,6.75678,-1.53585,-4.87805,12.6829,-12.1951,walking,2,fG1,6101
611,-1.53585,6.70646,-1.73711,-15.9756,42.8659,-21.0976,walking,2,fG1,6111
612,-2.55895,6.67531,-2.33612,-28.1098,62.1951,-31.2805,walking,2,fG1,6121
613,-4.4542,6.80709,-3.13879,-42.622,62.6829,-41.3415,walking,2,fG1,6131
614,-6.06433,7.76311,-3.74738,-51.0366,51.2805,-51.8293,walking,2,fG1,6141
615,-6.47644,8.77183,-2.61885,-56.1585,54.0244,-64.3293,walking,2,fG1,6151
616,-8.79819,9.85004,-3.12681,-77.2561,75.2439,-75.1829,walking,2,fG1,6161
617,-13.0535,11.1966,-5.4174,-84.0854,50.3659,-78.7805,walking,2,fG1,6171
618,-14.1269,11.7597,-4.59078,-60.8537,-24.939,-74.3293,walking,2,fG1,6181
619,-13.9209,11.913,-3.99656,-29.4512,-95.122,-71.0976,walking,2,fG1,6191
620,-13.0607,11.2397,-3.39516,27.439,-162.439,-63.2317,walking,2,fG1,6201
621,-9.91473,9.70868,-2.54218,107.073,-227.622,-44.6341,walking,2,fG1,6211
622,-5.63784,8.56577,-2.8872,171.646,-252.073,-21.8293,walking,2,fG1,6221
623,-2.22351,8.0051,-3.02617,195.122,-205.366,-5.73171,walking,2,fG1,6231
624,-1.60533,7.45642,-3.01659,178.415,-133.293,4.39024,walking,2,fG1,6241
625,-2.4104,6.87418,-3.66352,158.659,-90.8537,5.97561,walking,2,fG1,6251
626,-3.61799,6.96763,-4.55483,146.768,-102.256,2.13415,walking,2,fG1,6261
627,-3.86957,7.74394,-6.15777,147.5,-155.305,-1.46341,walking,2,fG1,6271
628,-2.40321,9.04977,-7.69841,149.634,-202.012,-1.21951,walking,2,fG1,6281
629,0.0191682,10.0657,-7.99312,125.976,-208.476,7.2561,walking,2,fG1,6291
630,1.48793,10.4586,-7.72237,84.3293,-171.402,18.8415,walking,2,fG1,6301
631,1.02789,10.1687,-6.52676,60.0,-114.512,26.5244,walking,2,fG1,6311
632,-0.251582,9.68951,-5.27843,59.5732,-71.8293,28.1098,walking,2,fG1,6321
633,-1.06144,9.45709,-5.02685,68.7195,-41.5854,24.5732,walking,2,fG1,6331
634,-1.32979,9.46428,-5.40063,66.1585,-5.91463,20.6707,walking,2,fG1,6341
635,-1.809,9.1504,-5.4797,50.122,37.6829,20.122,walking,2,fG1,6351
636,-2.77938,8.35253,-5.01727,33.0488,72.0122,23.2927,walking,2,fG1,6361
637,-3.83603,7.5882,-4.50691,25.7927,81.7683,28.5976,walking,2,fG1,6371
638,-4.36795,7.2863,-4.25533,23.4146,71.4634,34.878,walking,2,fG1,6381
639,-4.27929,7.64331,-3.94145,19.0244,59.8171,41.6463,walking,2,fG1,6391
640,-4.37513,8.11772,-3.39516,11.4634,55.5488,50.122,walking,2,fG1,6401
641,-4.71776,8.58255,-2.75782,12.3171,45.8537,61.7073,walking,2,fG1,6411
642,-5.01966,9.1504,-2.03422,26.4024,18.5976,78.4756,walking,2,fG1,6421
643,-5.1203,9.6344,-1.42803,47.378,-22.439,99.7561,walking,2,fG1,6431
644,-4.75131,9.86921,-1.33698,62.8049,-54.1463,119.024,walking,2,fG1,6441
645,-4.66984,9.82129,-1.32021,58.4146,-52.561,127.5,walking,2,fG1,6451
646,-5.13707,9.42834,-1.34177,50.6707,-29.2073,122.988,walking,2,fG1,6461
647,-5.74326,8.95393,-1.46397,45.4878,-6.40244,109.024,walking,2,fG1,6471
648,-6.16256,8.39086,-2.02464,42.8659,7.80488,90.4878,walking,2,fG1,6481
649,-6.21288,7.77029,-2.61885,41.3415,14.2683,70.8537,walking,2,fG1,6491
650,-5.95411,7.01794,-3.10045,36.5854,17.6829,53.0488,walking,2,fG1,6501
651,-5.64263,6.15538,-3.11483,29.878,18.1098,38.2927,walking,2,fG1,6511
652,-5.24249,5.36469,-3.03815,24.7561,11.5854,26.7073,walking,2,fG1,6521
653,-4.91184,4.79204,-3.05253,22.561,-2.0122,18.3537,walking,2,fG1,6531
654,-4.44701,4.66266,-3.05013,17.8659,-17.9268,12.439,walking,2,fG1,6541
655,-4.12834,4.62911,-3.0693,9.87805,-34.1463,8.78049,walking,2,fG1,6551
656,-4.01813,4.78246,-3.1915,6.34146,-56.7073,8.10976,walking,2,fG1,6561
657,-3.7929,5.05321,-3.41673,8.84146,-89.7561,11.7073,walking,2,fG1,6571
658,-3.62758,5.41501,-3.46465,10.4878,-122.683,16.8293,walking,2,fG1,6581
659,-3.85759,5.70492,-3.66831,9.08537,-140.427,16.7683,walking,2,fG1,6591
660,-4.16428,6.05954,-3.91749,15.7927,-144.146,8.35366,walking,2,fG1,6601
661,-4.09001,6.93648,-4.08042,23.1707,-138.963,-5.12195,walking,2,fG1,6611
662,-4.3967,8.39566,-4.76808,16.4634,-118.841,-21.7683,walking,2,fG1,6621
663,-5.87265,9.90994,-6.12423,-0.182927,-96.5244,-42.561,walking,2,fG1,6631
664,-6.9844,11.3691,-7.88291,-6.70732,-93.3537,-68.1707,walking,2,fG1,6641
665,-6.83585,13.6693,-8.15605,-19.5732,-75.5488,-97.5,walking,2,fG1,6651
666,-7.00117,14.6181,-8.06021,-53.5976,-17.1341,-130.427,walking,2,fG1,6661
667,-6.39977,13.5136,-7.05628,-58.5976,39.3902,-148.415,walking,2,fG1,6671
668,-4.92382,11.695,-4.14512,-44.2683,82.0732,-145.061,walking,2,fG1,6681
669,-3.74977,9.52897,-2.52061,-16.9512,94.939,-120.793,walking,2,fG1,6691
670,-2.48228,8.13928,-2.16361,27.8049,82.622,-84.3902,walking,2,fG1,6701
671,-1.31302,7.45162,-2.6476,62.1341,68.7195,-47.6829,walking,2,fG1,6711
672,-0.982368,7.31745,-2.96148,75.6098,58.1707,-20.3659,walking,2,fG1,6721
673,-1.30104,8.04584,-3.62278,72.622,47.622,-7.86585,walking,2,fG1,6731
674,-1.91921,9.78535,-3.05013,67.7439,50.4878,-15.3049,walking,2,fG1,6741
675,-1.70357,11.1343,-2.70511,43.2927,55.6707,-27.0732,walking,2,fG1,6751
676,-1.44001,12.4377,-3.66831,1.52439,86.4024,-34.0854,walking,2,fG1,6761
677,-3.08368,12.5384,-4.62911,-37.5,121.524,-37.8049,walking,2,fG1,6771
678,-4.26731,12.2005,-4.32242,-64.6951,139.146,-40.122,walking,2,fG1,6781
679,-4.59557,11.453,-4.35836,-86.4024,144.024,-39.2683,walking,2,fG1,6791
680,-4.5764,10.739,-3.84561,-98.8415,147.744,-34.1463,walking,2,fG1,6801
681,-4.52608,10.2646,-3.11003,-110.793,155.0,-25.9146,walking,2,fG1,6811
682,-4.48295,9.51939,-2.71948,-119.939,163.598,-17.9878,walking,2,fG1,6821
683,-4.54765,8.73829,-2.42238,-122.073,167.378,-12.0732,walking,2,fG1,6831
684,-4.53327,8.46514,-2.26664,-116.585,161.341,-8.04878,walking,2,fG1,6841
685,-4.37274,8.54181,-2.59968,-111.646,147.866,-3.23171,walking,2,fG1,6851
686,-4.38711,8.50348,-2.99503,-110.976,135.915,2.7439,walking,2,fG1,6861
687,-4.64588,8.30461,-2.78418,-111.341,118.354,11.2195,walking,2,fG1,6871
688,-5.28562,7.96916,-2.57572,-109.573,96.4634,19.878,walking,2,fG1,6881
689,-5.98047,7.60018,-2.4056,-100.854,68.3537,27.9268,walking,2,fG1,6891
690,-6.41175,7.27192,-2.43675,-88.9024,36.7073,34.6341,walking,2,fG1,6901
691,-6.6825,6.96044,-2.34331,-75.7927,6.09756,40.0,walking,2,fG1,6911
692,-6.78793,6.52197,-2.24028,-61.5854,-23.2317,44.5732,walking,2,fG1,6921
693,-6.59864,6.10985,-2.07016,-44.8171,-49.5122,47.8049,walking,2,fG1,6931
694,-5.97328,5.88463,-1.77785,-26.1585,-69.6951,49.939,walking,2,fG1,6941
695,-5.25447,5.90859,-1.77306,-11.4024,-82.622,51.2805,walking,2,fG1,6951
696,-4.71058,6.141,-2.08933,-7.2561,-88.1098,51.0366,walking,2,fG1,6961
697,-4.09959,6.36383,-2.41279,-12.8659,-87.2561,47.5,walking,2,fG1,6971
698,-3.08847,6.45967,-2.37925,-25.3049,-77.622,40.122,walking,2,fG1,6981
699,-2.00068,6.38539,-2.00547,-39.7561,-54.7561,29.939,walking,2,fG1,6991
700,-1.30823,6.24403,-1.58856,-51.4634,-24.8171,17.0122,walking,2,fG1,7001
701,-1.48314,6.07152,-1.83775,-58.4146,-0.487805,3.90244,walking,2,fG1,7011
702,-2.60447,6.13142,-2.55416,-63.8415,12.561,-8.04878,walking,2,fG1,7021
703,-4.22898,6.54832,-3.27296,-65.8537,17.0122,-21.8293,walking,2,fG1,7031
704,-5.72889,7.43964,-3.58445,-70.8537,12.5,-39.2683,walking,2,fG1,7041
705,-6.02839,8.09376,-3.52455,-80.6707,17.378,-57.1951,walking,2,fG1,7051
706,-8.13928,9.33969,-3.76415,-100.366,47.8659,-78.1707,walking,2,fG1,7061
707,-13.5136,11.453,-6.91492,-119.634,28.5976,-96.8902,walking,2,fG1,7071
708,-16.6691,13.4057,-7.84936,-87.561,-56.2805,-105.488,walking,2,fG1,7081
709,-15.67,13.9017,-5.58512,-14.939,-140.61,-101.585,walking,2,fG1,7091
710,-11.7716,12.155,-2.91835,63.5366,-200.244,-83.5366,walking,2,fG1,7101
711,-6.55312,9.42355,-0.606193,135.427,-222.073,-57.2561,walking,2,fG1,7111
712,-2.5877,7.60976,-0.479204,177.012,-189.329,-33.9024,walking,2,fG1,7121
713,-1.23874,7.14254,-1.27468,190.549,-123.232,-15.9146,walking,2,fG1,7131
714,-1.73711,7.30547,-2.62604,182.622,-69.5732,-5.12195,walking,2,fG1,7141
715,-3.27776,7.96198,-4.26012,161.646,-59.2683,-1.64634,walking,2,fG1,7151
716,-4.84236,8.95393,-6.32549,137.988,-100.793,-2.19512,walking,2,fG1,7161
717,-4.89747,9.83806,-8.40045,140.61,-168.293,-5.54878,walking,2,fG1,7171
718,-2.21871,10.2933,-8.93236,143.171,-210.366,-3.65854,walking,2,fG1,7181
719,0.872151,10.485,-7.67685,113.598,-201.098,8.78049,walking,2,fG1,7191
720,2.18517,10.1088,-6.30872,74.7561,-143.293,23.1098,walking,2,fG1,7201
721,1.17645,9.26541,-4.59557,61.8293,-80.7317,32.8049,walking,2,fG1,7211
722,-0.352215,8.76464,-3.72342,70.5488,-44.4512,35.3049,walking,2,fG1,7221
723,-1.27947,8.9707,-4.52129,80.9756,-26.0976,31.3415,walking,2,fG1,7231
724,-1.61731,9.47626,-5.37667,73.9634,-1.58537,26.2805,walking,2,fG1,7241
725,-2.18517,9.57689,-5.62106,50.3659,30.4268,24.0854,walking,2,fG1,7251
726,-3.17473,9.24385,-5.45095,27.561,53.4146,25.061,walking,2,fG1,7261
727,-3.80488,9.07133,-4.92622,14.3902,50.061,30.9146,walking,2,fG1,7271
728,-3.85999,9.2103,-4.04688,7.13415,28.7805,41.7073,walking,2,fG1,7281
729,-3.41433,9.50741,-3.02857,3.04878,6.46341,58.0488,walking,2,fG1,7291
730,-3.09566,9.62961,-1.69878,10.061,-16.2805,81.5244,walking,2,fG1,7301
731,-2.98784,9.59606,-0.46962,31.7683,-46.7683,111.463,walking,2,fG1,7311
732,-2.65,9.59127,-0.0575045,50.5488,-68.2317,139.207,walking,2,fG1,7321
733,-2.92794,9.55054,-0.603797,51.9512,-56.4634,153.72,walking,2,fG1,7331
734,-3.82884,9.50981,-1.40646,45.4268,-25.1829,151.89,walking,2,fG1,7341
735,-4.60515,9.42834,-2.14204,31.6463,6.76829,137.927,walking,2,fG1,7351
736,-5.27364,9.00904,-3.01659,17.1341,35.4878,116.707,walking,2,fG1,7361
737,-5.62106,8.29982,-3.63476,4.08537,56.1585,94.0244,walking,2,fG1,7371
738,-5.82473,7.08982,-3.92708,-5.54878,64.3293,73.1098,walking,2,fG1,7381
739,-5.70253,5.75764,-3.98219,-3.53659,57.9878,55.6707,walking,2,fG1,7391
740,-5.14665,4.79444,-3.60361,2.0122,43.3537,42.1341,walking,2,fG1,7401
741,-4.5764,4.20022,-3.52694,5.85366,29.8171,31.3415,walking,2,fG1,7411
742,-4.22658,3.81926,-3.57007,11.5854,21.0366,21.9512,walking,2,fG1,7421
743,-4.16189,3.56528,-3.68029,18.7195,12.0122,14.2073,walking,2,fG1,7431
744,-4.30086,3.45267,-3.7929,30.3659,-3.59756,8.47561,walking,2,fG1,7441
745,-4.35597,3.6731,-4.21939,45.5488,-30.061,6.40244,walking,2,fG1,7451
746,-4.09959,4.69141,-4.64109,53.0488,-64.3293,10.0,walking,2,fG1,7461
747,-4.97893,6.12423,-5.99484,31.6463,-78.5976,10.7317,walking,2,fG1,7471
748,-7.11618,7.16889,-7.91406,29.939,-93.6585,-0.365854,walking,2,fG1,7481
749,-7.81821,9.25822,-8.7886,36.7073,-147.622,-15.1829,walking,2,fG1,7491
750,-7.45162,12.8547,-8.66641,22.9878,-174.634,-37.439,walking,2,fG1,7501
751,-7.85895,15.9934,-10.6383,-21.5244,-136.951,-69.4512,walking,2,fG1,7511
752,-6.36143,15.3848,-8.63047,-58.4146,-42.9878,-100.793,walking,2,fG1,7521
753,-4.59796,12.373,-2.95669,-61.6463,80.7317,-123.841,walking,2,fG1,7531
754,-4.73933,8.84611,-1.15967,-38.5366,164.756,-129.634,walking,2,fG1,7541
755,-4.74891,6.87658,-0.831419,34.5732,182.317,-125.549,walking,2,fG1,7551
756,-3.491,6.93888,-1.4472,88.6585,169.268,-117.134,walking,2,fG1,7561
757,-2.12287,7.93562,-2.65719,118.476,156.402,-110.0,walking,2,fG1,7571
758,-0.462432,9.94828,-2.07016,129.756,150.488,-106.341,walking,2,fG1,7581
759,-0.0958408,12.0208,-2.22351,89.4512,143.11,-97.1341,walking,2,fG1,7591
760,-0.9033,13.7364,-2.43196,34.0244,137.683,-85.3049,walking,2,fG1,7601
761,-1.56221,14.0622,-1.49991,-18.3537,135.427,-74.0854,walking,2,fG1,7611
762,-3.08847,13.3051,-0.922468,-52.7439,126.159,-65.1829,walking,2,fG1,7621
763,-4.31523,12.615,-1.07821,-66.5244,109.878,-58.6585,walking,2,fG1,7631
764,-4.83757,11.9849,-1.84014,-76.1585,99.4512,-53.7805,walking,2,fG1,7641
765,-4.83038,10.8108,-2.21632,-88.3537,94.7561,-49.0854,walking,2,fG1,7651
766,-4.88788,9.14321,-2.31216,-98.4146,81.3415,-43.3537,walking,2,fG1,7661
767,-4.77048,7.98354,-2.7123,-103.049,60.0,-37.439,walking,2,fG1,7671
768,-4.08761,7.43964,-2.84168,-106.646,43.9024,-31.7073,walking,2,fG1,7681
769,-3.34005,7.38214,-2.99742,-116.28,35.7927,-25.7927,walking,2,fG1,7691
770,-2.9495,7.79425,-3.33526,-131.829,32.8659,-20.4268,walking,2,fG1,7701
771,-2.92075,8.4292,-3.9151,-151.707,31.8293,-15.3049,walking,2,fG1,7711
772,-2.84408,8.94674,-4.33201,-167.866,30.9146,-9.69512,walking,2,fG1,7721
773,-2.92554,9.35406,-4.13074,-176.646,30.9756,-3.53659,walking,2,fG1,7731
774,-3.65154,9.29896,-3.76175,-173.72,28.1707,3.78049,walking,2,fG1,7741
775,-4.60994,8.88444,-3.20348,-153.476,17.0732,12.2561,walking,2,fG1,7751
776,-5.14186,8.23512,-2.90398,-123.171,2.31707,22.2561,walking,2,fG1,7761
777,-5.21614,7.54267,-2.86085,-89.2073,-7.13415,32.6829,walking,2,fG1,7771
778,-5.23291,6.96044,-2.82251,-58.9634,-9.20732,42.8659,walking,2,fG1,7781
779,-5.30719,6.30872,-2.97825,-36.1585,-9.5122,51.1585,walking,2,fG1,7791
780,-5.43897,5.51324,-2.80095,-13.1098,-15.6707,55.7927,walking,2,fG1,7801
781,-5.46532,4.9981,-2.76022,10.1829,-32.2561,55.7927,walking,2,fG1,7811
782,-5.14426,5.10113,-3.08607,25.9756,-49.5732,52.0732,walking,2,fG1,7821
783,-4.84475,5.5995,-3.58205,26.4634,-56.5854,45.5488,walking,2,fG1,7831
784,-4.82319,6.15538,-3.51496,20.4268,-56.3415,36.0976,walking,2,fG1,7841
785,-4.78485,6.73521,-2.64521,17.9268,-53.2317,22.622,walking,2,fG1,7851
786,-4.0948,7.32703,-1.61492,21.4024,-46.5854,5.67073,walking,2,fG1,7861
787,-2.59249,7.95718,-1.07821,22.439,-23.0488,-10.9146,walking,2,fG1,7871
788,-0.9033,8.83173,-0.929656,15.7927,26.5244,-27.5,walking,2,fG1,7881
789,-0.613381,9.35646,-1.30823,-0.54878,84.939,-45.3049,walking,2,fG1,7891
790,-2.67396,8.87965,-2.32893,-28.3537,114.878,-58.5366,walking,2,fG1,7901
791,-4.59078,7.96916,-4.32961,-64.878,104.756,-62.439,walking,2,fG1,7911
792,-5.14665,7.76071,-3.76415,-87.378,102.988,-67.5,walking,2,fG1,7921
793,-6.04756,7.33422,-2.28341,-110.732,114.512,-74.5732,walking,2,fG1,7931
794,-8.88444,7.13535,-3.54851,-124.085,103.049,-75.7317,walking,2,fG1,7941
795,-11.5177,8.10334,-4.47097,-104.085,51.2195,-71.0976,walking,2,fG1,7951
796,-12.1622,8.63765,-3.64914,-75.8537,-12.622,-66.3415,walking,2,fG1,7961
797,-12.5,8.43878,-3.03097,-34.5732,-70.3659,-66.7683,walking,2,fG1,7971
798,-11.9274,8.36211,-2.23309,40.5488,-145.61,-63.1707,walking,2,fG1,7981
799,-9.73743,8.90122,-2.06537,115.0,-215.976,-50.4268,walking,2,fG1,7991
800,-6.66333,9.42834,-3.249,160.793,-240.061,-33.5366,walking,2,fG1,8001
801,-3.74977,10.013,-3.66831,178.232,-203.902,-21.4024,walking,2,fG1,8011
802,-2.27143,10.4203,-3.25619,166.463,-136.524,-15.2439,walking,2,fG1,8021
803,-2.25226,10.2909,-3.7905,138.171,-81.4634,-15.3659,walking,2,fG1,8031
804,-2.87762,9.69669,-4.97174,110.366,-62.9878,-19.0854,walking,2,fG1,8041
805,-3.11722,9.06175,-5.81514,83.3537,-71.8293,-22.0122,walking,2,fG1,8051
806,-2.60208,8.8509,-5.9613,57.1341,-85.9146,-20.4268,walking,2,fG1,8061
807,-2.08693,8.7287,-5.40303,28.9024,-94.2073,-11.1585,walking,2,fG1,8071
808,-2.19715,8.45556,-4.80402,8.84146,-100.488,2.19512,walking,2,fG1,8081
809,-2.38164,8.29742,-4.33201,9.02439,-104.329,12.622,walking,2,fG1,8091
810,-2.31935,8.4268,-4.19783,25.7317,-95.3659,17.7439,walking,2,fG1,8101
811,-2.26664,8.6688,-4.12116,45.5488,-68.2317,18.7195,walking,2,fG1,8111
812,-2.47749,8.96351,-4.18345,63.9024,-35.061,18.6585,walking,2,fG1,8121
813,-3.10045,9.08092,-4.6387,79.2683,-4.69512,17.9878,walking,2,fG1,8131
814,-3.60841,8.95872,-5.17061,86.5854,16.1585,17.9878,walking,2,fG1,8141
815,-3.86478,8.52504,-5.28323,84.4512,24.1463,20.0,walking,2,fG1,8151
816,-3.89833,8.03386,-5.03164,72.9878,20.9146,24.5122,walking,2,fG1,8161
817,-3.80248,7.61695,-4.43264,59.1463,12.439,30.6098,walking,2,fG1,8171
818,-3.71623,7.35339,-3.91749,46.3415,5.42683,36.0976,walking,2,fG1,8181
819,-3.83603,7.39412,-3.54132,37.0122,5.06098,38.2317,walking,2,fG1,8191
820,-4.04688,7.85655,-3.23942,32.3171,8.35366,37.1341,walking,2,fG1,8201
821,-4.22179,8.63526,-2.96148,29.7561,10.061,36.2805,walking,2,fG1,8211
822,-4.28169,9.41396,-2.82251,31.9512,6.28049,38.6585,walking,2,fG1,8221
823,-3.96541,10.1831,-2.14204,34.7561,-3.41463,47.1951,walking,2,fG1,8231
824,-3.5533,10.7318,-1.27947,34.4512,-17.378,62.9268,walking,2,fG1,8241
825,-3.54851,10.9594,-0.797875,32.6829,-34.5122,82.7439,walking,2,fG1,8251
826,-4.11636,10.7414,-1.09259,26.1585,-43.2317,97.9878,walking,2,fG1,8261
827,-4.70099,10.2622,-1.567,15.9756,-37.1951,102.256,walking,2,fG1,8271
828,-4.97653,9.5721,-1.73951,4.57317,-19.2683,95.7317,walking,2,fG1,8281
829,-5.21853,8.71912,-1.99349,-6.70732,4.20732,81.5854,walking,2,fG1,8291
830,-5.4198,7.84457,-2.55655,-14.3293,23.2317,64.4512,walking,2,fG1,8301
831,-5.58752,7.0419,-3.05732,-21.5244,32.1951,48.9024,walking,2,fG1,8311
832,-5.68576,6.33747,-3.57726,-26.5854,31.2805,36.5854,walking,2,fG1,8321
833,-5.73128,5.87504,-3.74977,-29.3902,24.1463,27.2561,walking,2,fG1,8331
834,-6.00922,5.56356,-4.06365,-30.5488,11.7683,20.1829,walking,2,fG1,8341
835,-6.33268,5.42219,-4.56682,-22.3171,-9.02439,15.2439,walking,2,fG1,8351
836,-6.24163,5.4773,-4.73214,-8.59756,-34.1463,12.6829,walking,2,fG1,8361
837,-5.74566,5.47251,-4.6962,5.30488,-51.8293,10.9146,walking,2,fG1,8371
838,-5.20895,5.31917,-4.217,21.7073,-57.5,7.56098,walking,2,fG1,8381
839,-4.76089,5.13228,-3.9127,40.061,-59.4512,2.56098,walking,2,fG1,8391
840,-4.36795,5.23051,-3.94864,57.0122,-64.0854,-3.65854,walking,2,fG1,8401
841,-3.95583,5.5971,-4.1523,67.2561,-69.6951,-10.7927,walking,2,fG1,8411
842,-3.54851,6.09787,-4.53806,65.8537,-74.6341,-18.0488,walking,2,fG1,8421
843,-3.22984,6.64177,-4.79923,54.878,-76.7073,-25.2439,walking,2,fG1,8431
844,-2.93033,7.1042,-4.78006,38.8415,-77.8049,-31.7073,walking,2,fG1,8441
845,-2.74584,7.46121,-4.52129,19.8171,-75.4878,-38.3537,walking,2,fG1,8451
846,-2.7674,7.77509,-4.1523,3.29268,-62.3171,-47.9878,walking,2,fG1,8461
847,-3.06691,8.36211,-4.29367,-5.60976,-39.8171,-60.9146,walking,2,fG1,8471
848,-3.84082,9.37323,-5.04602,-14.2683,-15.1829,-76.6463,walking,2,fG1,8481
849,-4.84955,10.0034,-5.91577,-22.0732,0.304878,-92.9268,walking,2,fG1,8491
850,-5.21614,9.57689,-6.51238,4.08537,2.07317,-106.89,walking,2,fG1,8501
851,-3.68268,10.6479,-4.70818,42.5,-35.4268,-97.9268,walking,2,fG1,8511
852,-1.8665,11.8172,-5.09154,33.1707,-41.2805,-78.1098,walking,2,fG1,8521
853,-1.87129,12.1814,-5.97807,11.8293,-7.68293,-65.0,walking,2,fG1,8531
854,-2.08214,12.433,-4.79923,-15.4268,30.1829,-59.6951,walking,2,fG1,8541
855,-2.64041,12.4689,-3.98698,-50.4878,79.5122,-61.8902,walking,2,fG1,8551
856,-3.46944,11.7309,-3.81446,-77.378,131.159,-65.1829,walking,2,fG1,8561
857,-4.19064,10.37,-3.17712,-84.8171,173.841,-64.878,walking,2,fG1,8571
858,-5.01487,9.01143,-2.92075,-84.5122,197.134,-60.7317,walking,2,fG1,8581
859,-5.81993,7.99552,-3.33526,-78.5366,199.024,-56.4634,walking,2,fG1,8591
860,-6.22007,7.22161,-3.59163,-71.3415,186.89,-55.6707,walking,2,fG1,8601
861,-6.15777,6.41894,-3.4335,-64.2073,168.476,-58.1707,walking,2,fG1,8611
862,-5.92296,5.73847,-3.03097,-55.2439,147.561,-62.3171,walking,2,fG1,8621
863,-5.83671,5.36948,-2.83449,-44.0854,125.488,-64.6951,walking,2,fG1,8631
864,-5.89181,5.45813,-2.81532,-32.0122,104.878,-63.2927,walking,2,fG1,8641
865,-6.13381,5.96849,-3.39277,-22.1951,87.2561,-58.5976,walking,2,fG1,8651
866,-6.59624,6.84543,-3.99896,-18.5976,71.2805,-54.0244,walking,2,fG1,8661
867,-6.93648,7.54267,-3.95583,-19.3902,54.8171,-52.561,walking,2,fG1,8671
868,-7.20244,8.11053,-3.78332,-18.1098,39.4512,-54.4512,walking,2,fG1,8681
869,-7.15452,8.61849,-3.59643,-15.0,25.9146,-56.5854,walking,2,fG1,8691
870,-6.84543,8.7886,-3.38797,-16.0976,15.9146,-56.8293,walking,2,fG1,8701
871,-6.3806,8.6113,-3.00701,-20.5488,12.1951,-55.4268,walking,2,fG1,8711
872,-5.90619,8.16085,-2.55655,-22.1341,15.2439,-53.2927,walking,2,fG1,8721
873,-5.30719,7.82061,-2.33612,-21.9512,20.9756,-49.3902,walking,2,fG1,8731
874,-4.71776,7.72477,-2.55655,-25.6707,31.1585,-43.1707,walking,2,fG1,8741
875,-4.20981,7.99073,-2.73626,-34.5122,42.622,-35.1829,walking,2,fG1,8751
876,-3.72821,8.29263,-3.16754,-51.0366,54.5122,-27.0122,walking,2,fG1,8761
877,-3.52215,8.62328,-3.17233,-71.2805,67.6829,-21.1585,walking,2,fG1,8771
878,-4.04927,8.95632,-3.14118,-91.6463,75.7927,-18.2927,walking,2,fG1,8781
879,-4.89986,9.34208,-3.25859,-109.329,77.378,-18.4756,walking,2,fG1,8791
880,-5.48209,9.43074,-3.20348,-123.78,81.6463,-20.6707,walking,2,fG1,8801
881,-6.01401,8.98028,-2.81293,-135.366,91.2805,-22.3171,walking,2,fG1,8811
882,-6.59624,7.97156,-2.34091,-139.146,98.0488,-20.8537,walking,2,fG1,8821
883,-7.12576,6.60104,-2.03422,-132.012,95.3659,-13.6585,walking,2,fG1,8831
884,-7.45642,5.47011,-2.08454,-115.0,82.0122,-1.40244,walking,2,fG1,8841
885,-7.6457,4.68662,-2.2882,-92.1341,58.2317,13.2317,walking,2,fG1,8851
886,-7.73435,4.48295,-2.44394,-70.0,26.4024,28.1098,walking,2,fG1,8861
887,-7.63133,4.55963,-2.46551,-50.4268,-5.0,39.6341,walking,2,fG1,8871
888,-7.60018,4.72974,-2.67156,-34.6951,-28.8415,47.8049,walking,2,fG1,8881
889,-7.43485,4.72495,-2.41519,-16.0976,-46.3415,51.9512,walking,2,fG1,8891
890,-7.23838,4.62192,-2.2906,6.76829,-58.7805,51.3415,walking,2,fG1,8901
891,-6.87658,4.68662,-2.21871,35.9146,-69.0244,45.7927,walking,2,fG1,8911
892,-6.33747,5.04123,-2.40081,59.6341,-73.2317,36.2805,walking,2,fG1,8921
893,-6.00443,5.64023,-3.02378,70.4878,-68.4756,24.0244,walking,2,fG1,8931
894,-6.10266,6.23684,-3.61799,68.3537,-60.9146,10.3659,walking,2,fG1,8941
895,-6.40696,6.81907,-3.95583,59.1463,-56.6463,-3.90244,walking,2,fG1,8951
896,-6.78313,7.45162,-4.06365,48.2317,-54.3293,-17.1341,walking,2,fG1,8961
897,-7.18327,8.12011,-4.12834,36.5244,-51.4024,-26.7073,walking,2,fG1,8971
898,-7.56903,8.69037,-4.08521,27.378,-44.5122,-32.2561,walking,2,fG1,8981
899,-8.01229,9.04737,-4.10678,23.1707,-33.1098,-36.0976,walking,2,fG1,8991
900,-8.33336,9.0929,-4.07803,25.3659,-22.2561,-39.3902,walking,2,fG1,9001
901,-7.86614,8.45076,-3.33526,32.9878,-14.7561,-43.9024,walking,2,fG1,9011
902,-6.77115,7.31505,-2.21871,46.7073,-4.45122,-51.6463,walking,2,fG1,9021
903,-6.40217,6.75438,-2.42717,55.3049,3.71951,-61.3415,walking,2,fG1,9031
904,-6.21528,6.61062,-2.98065,58.2317,4.5122,-71.2195,walking,2,fG1,9041
905,-6.08589,6.78553,-3.28494,52.0732,0.54878,-79.3902,walking,2,fG1,9051
906,-6.02599,6.99398,-3.3712,38.2317,-6.70732,-84.6951,walking,2,fG1,9061
907,-6.13381,7.18327,-2.91596,23.9024,-11.5854,-87.6829,walking,2,fG1,9071
908,-6.84543,7.71279,-2.95669,16.6463,-15.5488,-88.5366,walking,2,fG1,9081
909,-7.48517,8.39566,-3.12681,21.5854,-22.6829,-86.7073,walking,2,fG1,9091
910,-7.58101,8.9731,-2.83449,35.9756,-27.3171,-82.9268,walking,2,fG1,9101
911,-7.35339,9.14801,-2.79136,54.0244,-24.6951,-77.1341,walking,2,fG1,9111
912,-6.86939,8.66401,-2.88481,74.4512,-16.1585,-68.5976,walking,2,fG1,9121
913,-6.30633,7.81821,-3.09326,89.3902,-13.0488,-56.2195,walking,2,fG1,9131
914,-5.70732,7.17369,-3.40714,97.1341,-23.7805,-39.6951,walking,2,fG1,9141
915,-5.15384,6.97242,-3.81446,91.8293,-40.6707,-21.4024,walking,2,fG1,9151
916,-4.84955,7.13535,-4.3344,76.2805,-52.0732,-5.30488,walking,2,fG1,9161
917,-5.00049,7.37735,-4.60276,54.7561,-60.122,5.54878,walking,2,fG1,9171
918,-5.32875,7.69362,-4.42066,41.2805,-70.4878,10.1829,walking,2,fG1,9181
919,-5.64502,8.56098,-4.34878,36.7073,-80.4268,10.6098,walking,2,fG1,9191
920,-5.78879,9.55533,-4.91424,37.0122,-79.939,9.45122,walking,2,fG1,9201
921,-5.56116,9.86921,-5.30719,36.0976,-64.2683,8.84146,walking,2,fG1,9211
922,-4.96695,9.07373,-4.82079,32.7439,-38.9024,10.6707,walking,2,fG1,9221
923,-4.47577,7.81821,-3.81446,29.3293,-17.5,16.5854,walking,2,fG1,9231
924,-4.34638,6.93169,-3.38558,31.8293,-7.19512,25.9756,walking,2,fG1,9241
925,-4.49733,6.87418,-3.67789,34.6341,-4.69512,36.9512,walking,2,fG1,9251
926,-4.95497,7.11618,-4.58838,29.6951,-4.26829,47.6829,walking,2,fG1,9261
927,-5.35511,7.14014,-4.92861,23.2927,-4.39024,55.061,walking,2,fG1,9271
928,-5.70972,6.96044,-4.60755,19.6951,-6.95122,59.2073,walking,2,fG1,9281
929,-6.10266,6.64416,-4.44941,21.8902,-15.6098,62.3171,walking,2,fG1,9291
930,-6.15538,6.39498,-4.32721,28.9024,-30.0,66.4024,walking,2,fG1,9301
931,-5.84629,6.23445,-3.86957,33.9024,-41.1585,72.439,walking,2,fG1,9311
932,-5.57794,6.05474,-3.3736,35.2439,-43.9024,80.1829,walking,2,fG1,9321
933,-5.67138,5.86306,-2.98784,38.7195,-40.2439,88.2317,walking,2,fG1,9331
934,-5.95411,5.7193,-2.51103,50.1829,-35.7927,95.3049,walking,2,fG1,9341
935,-6.39737,5.84389,-2.45592,68.9634,-33.0488,100.305,walking,2,fG1,9351
936,-7.14014,6.41415,-3.10285,88.7195,-36.1585,103.78,walking,2,fG1,9361
937,-7.74633,7.25036,-4.03011,103.963,-43.9024,105.671,walking,2,fG1,9371
938,-7.99073,7.92364,-4.56921,110.671,-46.7073,105.366,walking,2,fG1,9381
939,-8.06261,8.2471,-4.65068,112.866,-40.8537,102.622,walking,2,fG1,9391
940,-8.16803,8.27585,-4.68901,114.695,-32.622,99.5732,walking,2,fG1,9401
941,-7.95718,8.13928,-4.74652,117.805,-26.5244,98.2927,walking,2,fG1,9411
942,-7.32703,7.72956,-4.59796,116.524,-19.6341,99.3902,walking,2,fG1,9421
943,-6.79991,7.22161,-4.43264,107.256,-8.84146,101.707,walking,2,fG1,9431
944,-6.85022,6.94127,-4.42305,94.0854,-4.32927,105.305,walking,2,fG1,9441
945,-7.00836,6.72084,-4.49733,80.9756,-9.81707,107.134,walking,2,fG1,9451
946,-6.97482,6.47405,-4.17866,70.6098,-13.1098,103.963,walking,2,fG1,9461
947,-7.14014,6.27997,-3.95823,65.2439,-15.1829,96.9512,walking,2,fG1,9471
948,-7.22161,6.21767,-3.87916,65.7927,-22.3171,89.1463,walking,2,fG1,9481
949,-6.97482,6.24643,-3.87916,66.8902,-29.5122,82.0122,walking,2,fG1,9491
950,-6.79032,6.32789,-3.93666,63.4146,-30.5488,75.3659,walking,2,fG1,9501
951,-6.84303,6.34227,-4.05646,56.0366,-30.0,68.5976,walking,2,fG1,9511
952,-6.86939,6.35185,-4.15949,48.2317,-35.3049,61.8902,walking,2,fG1,9521
953,-6.69688,6.41415,-4.0924,39.878,-40.3659,55.122,walking,2,fG1,9531
954,-6.52916,6.56749,-4.11157,30.1829,-39.7561,48.3537,walking,2,fG1,9541
955,-6.57468,6.71605,-4.217,18.9024,-36.2805,42.378,walking,2,fG1,9551
956,-6.69688,6.79272,-4.27929,7.31707,-33.2317,36.2805,walking,2,fG1,9561
957,-6.84064,6.76157,-4.30565,-4.45122,-32.9268,28.4756,walking,2,fG1,9571
958,-6.95804,6.73282,-4.31763,-15.7927,-36.6463,19.2073,walking,2,fG1,9581
959,-7.01555,6.71605,-4.26731,-24.0854,-42.378,8.90244,walking,2,fG1,9591
960,-7.02274,6.79991,-4.22898,-26.0976,-48.7805,-1.21951,walking,2,fG1,9601
961,-6.72323,6.89335,-4.26731,-23.4756,-53.0488,-10.061,walking,2,fG1,9611
962,-6.15777,6.82626,-4.28408,-19.8171,-48.7195,-17.8049,walking,2,fG1,9621
963,-5.78639,6.40696,-4.14512,-16.2195,-38.9024,-25.2439,walking,2,fG1,9631
964,-5.50366,5.79597,-4.0325,-12.1951,-34.3902,-31.8293,walking,2,fG1,9641
965,-5.20655,5.29521,-3.90551,-6.76829,-38.9634,-36.7073,walking,2,fG1,9651
966,-4.78485,5.01487,-3.74977,-0.487805,-47.1341,-39.8171,walking,2,fG1,9661
967,-4.3943,5.00289,-3.62278,4.81707,-51.5854,-41.5244,walking,2,fG1,9671
968,-4.37993,5.22812,-3.87197,7.37805,-52.9268,-42.6829,walking,2,fG1,9681
969,-4.72974,5.657,-4.44941,10.9146,-56.1585,-44.3293,walking,2,fG1,9691
970,-4.94299,6.25361,-5.00289,15.6707,-62.3171,-46.4024,walking,2,fG1,9701
971,-4.92382,6.87418,-5.4797,16.8293,-63.6585,-49.3902,walking,2,fG1,9711
972,-4.83757,7.19765,-5.8391,11.7683,-57.6829,-51.5244,walking,2,fG1,9721
973,-4.71776,7.17608,-5.86306,3.41463,-46.3415,-52.0122,walking,2,fG1,9731
974,-4.63151,6.80949,-5.34792,-2.5,-34.6341,-49.0244,walking,2,fG1,9741
975,-4.60755,6.28237,-4.97174,-2.92683,-27.7439,-42.8049,walking,2,fG1,9751
976,-4.49493,5.82233,-4.39191,6.28049,-24.2683,-35.2439,walking,2,fG1,9761
977,-4.55723,5.50126,-4.30325,16.3415,-21.2195,-28.5976,walking,2,fG1,9771
978,-4.71537,5.4797,-4.46379,26.7073,-23.2927,-23.1707,walking,2,fG1,9781
979,-4.87111,5.73128,-4.74172,35.3659,-25.122,-19.2073,walking,2,fG1,9791
980,-5.41501,6.19611,-5.38625,41.9512,-27.1341,-16.0366,walking,2,fG1,9801
981,-5.93734,6.68729,-6.11464,48.5976,-34.4512,-12.9878,walking,2,fG1,9811
982,-6.10746,6.78313,-6.40935,52.561,-38.4756,-12.0122,walking,2,fG1,9821
983,-5.98047,6.58666,-6.00682,57.8049,-38.4146,-12.6829,walking,2,fG1,9831
984,-5.59471,6.39498,-5.36469,63.0488,-37.5,-11.4024,walking,2,fG1,9841
985,-5.34313,6.33508,-5.0604,65.061,-31.0976,-6.64634,walking,2,fG1,9851
986,-5.64502,6.39258,-4.9981,63.3537,-20.2439,-1.40244,walking,2,fG1,9861
987,-6.32789,6.5052,-5.19936,61.9512,-15.3659,1.58537,walking,2,fG1,9871
988,-6.81668,6.64416,-5.28083,62.8659,-14.7561,0.792683,walking,2,fG1,9881
989,-7.18567,6.73282,-5.19218,65.3659,-14.939,-2.9878,walking,2,fG1,9891
990,-7.41089,6.82626,-4.97893,69.5122,-18.4146,-6.28049,walking,2,fG1,9901
991,-7.43964,6.89335,-4.816,73.6585,-21.7073,-7.5,walking,2,fG1,9911
992,-7.41329,6.8622,-4.60755,77.0732,-20.3659,-7.31707,walking,2,fG1,9921
993,-7.3462,6.57947,-4.30565,81.0976,-17.378,-5.91463,walking,2,fG1,9931
994,-7.24077,6.36143,-3.95343,88.7805,-16.8293,-3.84146,walking,2,fG1,9941
995,-7.09941,6.29435,-3.96541,93.4146,-19.2683,-0.609756,walking,2,fG1,9951
996,-7.07784,6.31591,-4.20022,94.3902,-23.1707,2.80488,walking,2,fG1,9961
997,-7.12576,6.5603,-4.33919,91.2805,-30.4878,6.09756,walking,2,fG1,9971
998,-7.06826,6.96284,-4.37274,80.1829,-33.4756,7.80488,walking,2,fG1,9981
999,-7.39652,6.96763,-4.29606,68.5976,-24.3293,4.63415,walking,2,fG1,9991
1000,-7.88291,6.57947,-4.38711,70.3659,-29.1463,-0.0609756,walking,2,fG1,10001
1001,-7.16889,6.54353,-3.96781,75.0,-50.5488,0.121951,walking,2,fG1,10011
1002,-6.11704,6.56749,-3.95583,65.8537,-51.2805,4.93902,walking,2,fG1,10021
1003,-5.64263,6.21049,-3.68268,48.1707,-33.6585,11.7073,walking,2,fG1,10031
1004,-5.97088,6.11225,-3.48381,32.6829,-21.4634,18.7805,walking,2,fG1,10041
1005,-7.1018,6.65135,-4.02052,14.8171,-21.7073,22.9268,walking,2,fG1,10051
1006,-8.45316,7.13535,-5.08915,8.17073,-28.7805,19.3902,walking,2,fG1,10061
1007,-8.70714,7.38454,-4.82559,9.39024,-44.6951,12.2561,walking,2,fG1,10071
1008,-7.77029,7.2839,-4.22418,11.9512,-52.378,6.46341,walking,2,fG1,10081
1009,-6.88616,7.09222,-4.06365,9.20732,-42.0732,5.06098,walking,2,fG1,10091
1010,-6.70886,6.93408,-4.08761,0.121951,-27.378,7.31707,walking,2,fG1,10101
1011,-6.96523,6.75917,-4.5141,-10.4268,-21.2195,9.26829,walking,2,fG1,10111
1012,-7.14733,6.67531,-4.74172,-19.6341,-19.0854,8.53659,walking,2,fG1,10121
1013,-7.21202,6.58187,-4.83757,-25.7317,-17.2561,6.15854,walking,2,fG1,10131
1014,-7.25275,6.52436,-4.91424,-27.9878,-17.0122,5.0,walking,2,fG1,10141
1015,-7.21202,6.52916,-5.1778,-28.7195,-16.8902,5.54878,walking,2,fG1,10151
1016,-7.1042,6.4453,-5.30239,-30.122,-13.7195,6.40244,walking,2,fG1,10161
1017,-6.97482,6.19611,-5.15624,-31.4634,-7.86585,7.0122,walking,2,fG1,10171
1018,-6.90294,5.83191,-5.07477,-30.4878,-4.57317,7.37805,walking,2,fG1,10181
1019,-6.73521,5.54439,-5.01008,-25.3049,-6.58537,8.59756,walking,2,fG1,10191
1020,-6.40217,5.43178,-4.94778,-20.9756,-7.68293,10.3049,walking,2,fG1,10201
1021,-6.27039,5.24968,-5.09154,-18.7195,-3.41463,10.7927,walking,2,fG1,10211
1022,-6.22007,5.00768,-5.08915,-13.5976,-1.76829,10.4878,walking,2,fG1,10221
1023,-5.98766,4.90945,-5.05321,-10.2439,-4.02439,10.8537,walking,2,fG1,10231
1024,-5.85108,4.88069,-5.19218,-11.5854,-4.63415,12.378,walking,2,fG1,10241
1025,-5.8415,4.95257,-5.2401,-16.0976,-3.65854,14.939,walking,2,fG1,10251
1026,-6.02599,5.02206,-5.24968,-22.378,-1.95122,17.0732,walking,2,fG1,10261
1027,-6.28716,5.01247,-5.09873,-26.0976,-0.182927,17.8049,walking,2,fG1,10271
1028,-6.50999,5.03404,-4.80881,-25.7317,0.182927,17.2561,walking,2,fG1,10281
1029,-6.625,5.04123,-4.65307,-22.439,0.609756,16.4634,walking,2,fG1,10291
1030,-6.68729,5.00049,-4.40149,-18.3537,3.17073,15.8537,walking,2,fG1,10301
1031,-6.84783,4.91184,-4.15949,-12.7439,4.32927,16.0366,walking,2,fG1,10311
1032,-6.90773,4.90465,-3.91749,-4.02439,2.5,17.3171,walking,2,fG1,10321
1033,-6.982,5.01966,-3.92468,3.90244,0.243902,18.6585,walking,2,fG1,10331
1034,-7.1641,5.21853,-4.13793,9.7561,-2.07317,19.7561,walking,2,fG1,10341
1035,-7.3462,5.47251,-4.25533,12.561,-6.15854,19.6951,walking,2,fG1,10351
